2023-04-13 12:27:08.979268	0:00:00:0
2023-04-13 12:27:09.075052	0:00:00:95
2023-04-13 12:27:11.361745	0:00:02:382
2023-04-13 12:27:11.526767	0:00:02:547
2023-04-13 12:27:12.411511	0:00:03:432
2023-04-13 12:27:12.552815	0:00:03:573
2023-04-13 12:27:15.484618	0:00:06:505
2023-04-13 12:27:15.554200	0:00:06:574
2023-04-13 12:27:15.981424	0:00:07:2
2023-04-13 12:27:16.074033	0:00:07:94
2023-04-13 12:27:16.425254	0:00:07:445
2023-04-13 12:27:16.527738	0:00:07:548
2023-04-13 12:27:21.496426	0:00:12:517
2023-04-13 12:27:21.882550	0:00:12:903
2023-04-13 12:27:22.775604	0:00:13:796
2023-04-13 12:27:22.881804	0:00:13:902
2023-04-13 12:27:24.343190	0:00:15:363
2023-04-13 12:27:24.352503	0:00:15:373
2023-04-13 12:27:24.832377	0:00:15:853
2023-04-13 12:27:25.582007	0:00:16:602
2023-04-13 12:27:25.608141	0:00:16:628
2023-04-13 12:27:25.738515	0:00:16:759
2023-04-13 12:27:25.830056	0:00:16:850
2023-04-13 12:27:25.935215	0:00:16:955
2023-04-13 12:27:26.504672	0:00:17:525
2023-04-13 12:27:26.530532	0:00:17:551
2023-04-13 12:27:27.397969	0:00:18:418
2023-04-13 12:27:27.924346	0:00:18:945
2023-04-13 12:27:28.074025	0:00:19:94
2023-04-13 12:27:28.077576	0:00:19:98
2023-04-13 12:27:28.174138	0:00:19:194
2023-04-13 12:27:28.178745	0:00:19:199
2023-04-13 12:27:28.448840	0:00:19:469
2023-04-13 12:27:28.577755	0:00:19:598
2023-04-13 12:27:28.955213	0:00:19:975
2023-04-13 12:27:29.033394	0:00:20:54
2023-04-13 12:27:29.692623	0:00:20:713
2023-04-13 12:27:29.720625	0:00:20:741
2023-04-13 12:27:29.947662	0:00:20:968
2023-04-13 12:27:30.260554	0:00:21:281
2023-04-13 12:27:31.032893	0:00:22:53
2023-04-13 12:27:32.725030	0:00:23:745
2023-04-13 12:27:33.261310	0:00:24:282
2023-04-13 12:27:33.317606	0:00:24:338
2023-04-13 12:27:33.976617	0:00:24:997
2023-04-13 12:27:33.980637	0:00:25:1
2023-04-13 12:27:34.668493	0:00:25:689
2023-04-13 12:27:34.848382	0:00:25:869
2023-04-13 12:27:35.632610	0:00:26:653
2023-04-13 12:27:36.001300	0:00:27:22
2023-04-13 12:27:36.070141	0:00:27:90
2023-04-13 12:27:36.414562	0:00:27:435
2023-04-13 12:27:36.429926	0:00:27:450
2023-04-13 12:27:36.480898	0:00:27:501
2023-04-13 12:27:36.607288	0:00:27:628
2023-04-13 12:27:37.000527	0:00:28:21
2023-04-13 12:27:37.086799	0:00:28:107
2023-04-13 12:27:42.448274	0:00:33:469
2023-04-13 12:27:42.867425	0:00:33:888
2023-04-13 12:27:43.057536	0:00:34:78
2023-04-13 12:27:43.348255	0:00:34:368
2023-04-13 12:27:43.511524	0:00:34:532
2023-04-13 12:27:43.845730	0:00:34:866
2023-04-13 12:27:44.040923	0:00:35:61
2023-04-13 12:27:44.508819	0:00:35:529
2023-04-13 12:27:44.553839	0:00:35:574
2023-04-13 12:27:44.578589	0:00:35:599
2023-04-13 12:27:44.645706	0:00:35:666
2023-04-13 12:27:44.686203	0:00:35:706
2023-04-13 12:27:44.799108	0:00:35:819
2023-04-13 12:27:45.874926	0:00:36:895
2023-04-13 12:27:46.070950	0:00:37:91
2023-04-13 12:27:46.415850	0:00:37:436
2023-04-13 12:27:46.497086	0:00:37:517
2023-04-13 12:27:46.530983	0:00:37:551
2023-04-13 12:27:46.593860	0:00:37:614
2023-04-13 12:27:46.781622	0:00:37:802
2023-04-13 12:27:46.803684	0:00:37:824
2023-04-13 12:27:47.095359	0:00:38:116
2023-04-13 12:27:47.150437	0:00:38:171
2023-04-13 12:27:47.293504	0:00:38:314
2023-04-13 12:27:47.296162	0:00:38:316
2023-04-13 12:27:47.674940	0:00:38:695
2023-04-13 12:27:47.690118	0:00:38:710
2023-04-13 12:27:47.790572	0:00:38:811
2023-04-13 12:27:47.951543	0:00:38:972
2023-04-13 12:27:48.032383	0:00:39:53
2023-04-13 12:27:48.297786	0:00:39:318
2023-04-13 12:27:48.390267	0:00:39:410
2023-04-13 12:27:48.391986	0:00:39:412
2023-04-13 12:27:48.491848	0:00:39:512
2023-04-13 12:27:48.587377	0:00:39:608
2023-04-13 12:27:48.592203	0:00:39:612
2023-04-13 12:27:48.674744	0:00:39:695
2023-04-13 12:27:48.701100	0:00:39:721
2023-04-13 12:27:48.761733	0:00:39:782
2023-04-13 12:27:49.497138	0:00:40:517
2023-04-13 12:27:49.607441	0:00:40:628
2023-04-13 12:27:49.681766	0:00:40:702
2023-04-13 12:27:49.766391	0:00:40:787
2023-04-13 12:27:49.817273	0:00:40:838
2023-04-13 12:27:49.920180	0:00:40:940
2023-04-13 12:27:50.057353	0:00:41:78
2023-04-13 12:27:50.185841	0:00:41:206
2023-04-13 12:27:50.271373	0:00:41:292
2023-04-13 12:27:50.291019	0:00:41:311
2023-04-13 12:27:50.547819	0:00:41:568
2023-04-13 12:27:50.548320	0:00:41:569
2023-04-13 12:27:50.713280	0:00:41:734
2023-04-13 12:27:51.090856	0:00:42:111
2023-04-13 12:27:51.183287	0:00:42:204
2023-04-13 12:27:51.645616	0:00:42:666
2023-04-13 12:27:51.742836	0:00:42:763
2023-04-13 12:27:53.743240	0:00:44:763
2023-04-13 12:27:53.875875	0:00:44:896
2023-04-13 12:27:54.003737	0:00:45:24
2023-04-13 12:27:54.336731	0:00:45:357
2023-04-13 12:27:54.463622	0:00:45:484
2023-04-13 12:27:54.782459	0:00:45:803
2023-04-13 12:27:54.921916	0:00:45:942
2023-04-13 12:27:55.303369	0:00:46:324
2023-04-13 12:27:55.441966	0:00:46:462
2023-04-13 12:27:56.297404	0:00:47:318
2023-04-13 12:27:56.393584	0:00:47:414
2023-04-13 12:27:56.464821	0:00:47:485
2023-04-13 12:27:56.608898	0:00:47:629
2023-04-13 12:27:57.100467	0:00:48:121
2023-04-13 12:27:57.148172	0:00:48:168
2023-04-13 12:27:57.195496	0:00:48:216
2023-04-13 12:27:57.225614	0:00:48:246
2023-04-13 12:27:57.288619	0:00:48:309
2023-04-13 12:27:57.491896	0:00:48:512
2023-04-13 12:27:57.555060	0:00:48:575
2023-04-13 12:27:57.558133	0:00:48:578
2023-04-13 12:27:57.629548	0:00:48:650
2023-04-13 12:27:57.643901	0:00:48:664
2023-04-13 12:27:57.715221	0:00:48:735
2023-04-13 12:27:57.732840	0:00:48:753
2023-04-13 12:27:58.084931	0:00:49:105
2023-04-13 12:27:58.214417	0:00:49:235
2023-04-13 12:27:58.359685	0:00:49:380
2023-04-13 12:27:58.362149	0:00:49:382
2023-04-13 12:27:58.516739	0:00:49:537
2023-04-13 12:27:58.521923	0:00:49:542
2023-04-13 12:27:58.616410	0:00:49:637
2023-04-13 12:27:58.734549	0:00:49:755
2023-04-13 12:27:59.059030	0:00:50:79
2023-04-13 12:27:59.272712	0:00:50:293
2023-04-13 12:27:59.595709	0:00:50:616
2023-04-13 12:27:59.737088	0:00:50:757
2023-04-13 12:28:00.062876	0:00:51:83
2023-04-13 12:28:00.105239	0:00:51:125
2023-04-13 12:28:00.145499	0:00:51:166
2023-04-13 12:28:00.163931	0:00:51:184
2023-04-13 12:28:00.291263	0:00:51:311
2023-04-13 12:28:00.381121	0:00:51:401
2023-04-13 12:28:00.401805	0:00:51:422
2023-04-13 12:28:00.559594	0:00:51:580
2023-04-13 12:28:00.591444	0:00:51:612
2023-04-13 12:28:00.777785	0:00:51:798
2023-04-13 12:28:01.238006	0:00:52:258
2023-04-13 12:28:01.317821	0:00:52:338
2023-04-13 12:28:01.362025	0:00:52:382
2023-04-13 12:28:01.493613	0:00:52:514
2023-04-13 12:28:01.645922	0:00:52:666
2023-04-13 12:28:01.802223	0:00:52:822
2023-04-13 12:28:01.828432	0:00:52:849
2023-04-13 12:28:01.846604	0:00:52:867
2023-04-13 12:28:02.306613	0:00:53:327
2023-04-13 12:28:02.446368	0:00:53:467
2023-04-13 12:28:02.524570	0:00:53:545
2023-04-13 12:28:02.645289	0:00:53:666
2023-04-13 12:28:02.746799	0:00:53:767
2023-04-13 12:28:02.748811	0:00:53:769
2023-04-13 12:28:02.873394	0:00:53:894
2023-04-13 12:28:03.292137	0:00:54:312
2023-04-13 12:28:03.411812	0:00:54:432
2023-04-13 12:28:03.836402	0:00:54:857
2023-04-13 12:28:03.973617	0:00:54:994
2023-04-13 12:28:04.181982	0:00:55:202
2023-04-13 12:28:04.196912	0:00:55:217
2023-04-13 12:28:04.740312	0:00:55:761
2023-04-13 12:28:04.741980	0:00:55:762
2023-04-13 12:28:04.742851	0:00:55:763
2023-04-13 12:28:04.866578	0:00:55:887
2023-04-13 12:28:04.998109	0:00:56:18
2023-04-13 12:28:05.154077	0:00:56:174
2023-04-13 12:28:05.479610	0:00:56:500
2023-04-13 12:28:05.614078	0:00:56:634
2023-04-13 12:28:06.147146	0:00:57:167
2023-04-13 12:28:06.152969	0:00:57:173
2023-04-13 12:28:06.262125	0:00:57:282
2023-04-13 12:28:06.263294	0:00:57:284
2023-04-13 12:28:06.354753	0:00:57:375
2023-04-13 12:28:06.357491	0:00:57:378
2023-04-13 12:28:06.430147	0:00:57:450
2023-04-13 12:28:06.444675	0:00:57:465
2023-04-13 12:28:06.521900	0:00:57:542
2023-04-13 12:28:06.550284	0:00:57:571
2023-04-13 12:28:06.646925	0:00:57:667
2023-04-13 12:28:06.664992	0:00:57:685
2023-04-13 12:28:06.770154	0:00:57:790
2023-04-13 12:28:06.863245	0:00:57:883
2023-04-13 12:28:07.226758	0:00:58:247
2023-04-13 12:28:07.367220	0:00:58:387
2023-04-13 12:28:07.898847	0:00:58:919
2023-04-13 12:28:08.026466	0:00:59:47
2023-04-13 12:28:09.555650	0:01:00:576
2023-04-13 12:28:09.610923	0:01:00:631
2023-04-13 12:28:11.278961	0:01:02:299
2023-04-13 12:28:11.413769	0:01:02:434
2023-04-13 12:28:11.462530	0:01:02:483
2023-04-13 12:28:11.608109	0:01:02:628
2023-04-13 12:28:11.663367	0:01:02:684
2023-04-13 12:28:11.709149	0:01:02:729
2023-04-13 12:28:11.747251	0:01:02:767
2023-04-13 12:28:11.913893	0:01:02:934
2023-04-13 12:28:12.025141	0:01:03:45
2023-04-13 12:28:12.030376	0:01:03:51
2023-04-13 12:28:12.160299	0:01:03:181
2023-04-13 12:28:12.162321	0:01:03:183
2023-04-13 12:28:12.796330	0:01:03:817
2023-04-13 12:28:13.120350	0:01:04:141
2023-04-13 12:28:13.133372	0:01:04:154
2023-04-13 12:28:13.250650	0:01:04:271
2023-04-13 12:28:13.486614	0:01:04:507
2023-04-13 12:28:13.622448	0:01:04:643
2023-04-13 12:28:14.104500	0:01:05:125
2023-04-13 12:28:14.232720	0:01:05:253
2023-04-13 12:28:14.292607	0:01:05:313
2023-04-13 12:28:14.437763	0:01:05:458
2023-04-13 12:28:14.882049	0:01:05:902
2023-04-13 12:28:14.992100	0:01:06:12
2023-04-13 12:28:15.528936	0:01:06:549
2023-04-13 12:28:15.719900	0:01:06:740
2023-04-13 12:28:15.752808	0:01:06:773
2023-04-13 12:28:15.992761	0:01:07:13
2023-04-13 12:28:16.390932	0:01:07:411
2023-04-13 12:28:16.408977	0:01:07:429
2023-04-13 12:28:16.661952	0:01:07:682
2023-04-13 12:28:16.736299	0:01:07:757
2023-04-13 12:28:16.758468	0:01:07:779
2023-04-13 12:28:16.772465	0:01:07:793
2023-04-13 12:28:16.914003	0:01:07:934
2023-04-13 12:28:16.930529	0:01:07:951
2023-04-13 12:28:16.978422	0:01:07:999
2023-04-13 12:28:17.172837	0:01:08:193
2023-04-13 12:28:17.176516	0:01:08:197
2023-04-13 12:28:17.257073	0:01:08:277
2023-04-13 12:28:17.497170	0:01:08:517
2023-04-13 12:28:18.619210	0:01:09:639
2023-04-13 12:28:18.637742	0:01:09:658
2023-04-13 12:28:18.808075	0:01:09:828
2023-04-13 12:28:19.000126	0:01:10:20
2023-04-13 12:28:19.185616	0:01:10:206
2023-04-13 12:28:19.403061	0:01:10:423
2023-04-13 12:28:19.464900	0:01:10:485
2023-04-13 12:28:19.887240	0:01:10:907
2023-04-13 12:28:19.978352	0:01:10:999
2023-04-13 12:28:20.093807	0:01:11:114
2023-04-13 12:28:20.165497	0:01:11:186
2023-04-13 12:28:20.233867	0:01:11:254
2023-04-13 12:28:20.286755	0:01:11:307
2023-04-13 12:28:20.448707	0:01:11:469
2023-04-13 12:28:20.715104	0:01:11:735
2023-04-13 12:28:20.767719	0:01:11:788
2023-04-13 12:28:20.900463	0:01:11:921
2023-04-13 12:28:20.992613	0:01:12:13
2023-04-13 12:28:21.137682	0:01:12:158
2023-04-13 12:28:21.575898	0:01:12:596
2023-04-13 12:28:21.578199	0:01:12:598
2023-04-13 12:28:21.701641	0:01:12:722
2023-04-13 12:28:21.706546	0:01:12:727
2023-04-13 12:28:21.815336	0:01:12:836
2023-04-13 12:28:22.046349	0:01:13:67
2023-04-13 12:28:22.049423	0:01:13:70
2023-04-13 12:28:22.059250	0:01:13:79
2023-04-13 12:28:22.142297	0:01:13:163
2023-04-13 12:28:22.212992	0:01:13:233
2023-04-13 12:28:22.261911	0:01:13:282
2023-04-13 12:28:22.554590	0:01:13:575
2023-04-13 12:28:22.570160	0:01:13:590
2023-04-13 12:28:22.590313	0:01:13:611
2023-04-13 12:28:22.733214	0:01:13:753
2023-04-13 12:28:22.759670	0:01:13:780
2023-04-13 12:28:22.904110	0:01:13:924
2023-04-13 12:28:22.908393	0:01:13:929
2023-04-13 12:28:23.033491	0:01:14:54
2023-04-13 12:28:23.359281	0:01:14:380
2023-04-13 12:28:23.508929	0:01:14:529
2023-04-13 12:28:23.624317	0:01:14:645
2023-04-13 12:28:23.689290	0:01:14:710
2023-04-13 12:28:23.874584	0:01:14:895
2023-04-13 12:28:24.176983	0:01:15:197
2023-04-13 12:28:24.177760	0:01:15:198
2023-04-13 12:28:24.298343	0:01:15:319
2023-04-13 12:28:24.366695	0:01:15:387
2023-04-13 12:28:24.468585	0:01:15:489
2023-04-13 12:28:24.470869	0:01:15:491
2023-04-13 12:28:24.566224	0:01:15:586
2023-04-13 12:28:24.591301	0:01:15:612
2023-04-13 12:28:24.670935	0:01:15:691
2023-04-13 12:28:24.672778	0:01:15:693
2023-04-13 12:28:24.727199	0:01:15:747
2023-04-13 12:28:24.761512	0:01:15:782
2023-04-13 12:28:24.842827	0:01:15:863
2023-04-13 12:28:24.844265	0:01:15:864
2023-04-13 12:28:24.925774	0:01:15:946
2023-04-13 12:28:24.952751	0:01:15:973
2023-04-13 12:28:25.009401	0:01:16:30
2023-04-13 12:28:25.013811	0:01:16:34
2023-04-13 12:28:25.257363	0:01:16:278
2023-04-13 12:28:25.418231	0:01:16:438
2023-04-13 12:28:25.498330	0:01:16:519
2023-04-13 12:28:25.808659	0:01:16:829
2023-04-13 12:28:25.900487	0:01:16:921
2023-04-13 12:28:26.243491	0:01:17:264
2023-04-13 12:28:26.359892	0:01:17:380
2023-04-13 12:28:26.576950	0:01:17:597
2023-04-13 12:28:26.696806	0:01:17:717
2023-04-13 12:28:26.757070	0:01:17:777
2023-04-13 12:28:26.858635	0:01:17:879
2023-04-13 12:28:26.904353	0:01:17:925
2023-04-13 12:28:27.029516	0:01:18:50
2023-04-13 12:28:27.397548	0:01:18:418
2023-04-13 12:28:27.624282	0:01:18:645
2023-04-13 12:28:27.958004	0:01:18:978
2023-04-13 12:28:28.069774	0:01:19:90
2023-04-13 12:28:28.191105	0:01:19:211
2023-04-13 12:28:28.325748	0:01:19:346
2023-04-13 12:28:28.330234	0:01:19:350
2023-04-13 12:28:28.446718	0:01:19:467
2023-04-13 12:28:28.452155	0:01:19:472
2023-04-13 12:28:28.808836	0:01:19:829
2023-04-13 12:28:28.909641	0:01:19:930
2023-04-13 12:28:29.204757	0:01:20:225
2023-04-13 12:28:29.355062	0:01:20:375
2023-04-13 12:28:29.594793	0:01:20:615
2023-04-13 12:28:29.894866	0:01:20:915
2023-04-13 12:28:30.176470	0:01:21:197
2023-04-13 12:28:30.214465	0:01:21:235
2023-04-13 12:28:30.284934	0:01:21:305
2023-04-13 12:28:30.658998	0:01:21:679
2023-04-13 12:28:30.660869	0:01:21:681
2023-04-13 12:28:30.755060	0:01:21:775
2023-04-13 12:28:30.815562	0:01:21:836
2023-04-13 12:28:31.073884	0:01:22:94
2023-04-13 12:28:31.112534	0:01:22:133
2023-04-13 12:28:31.332571	0:01:22:353
2023-04-13 12:28:31.347734	0:01:22:368
2023-04-13 12:28:31.564879	0:01:22:585
2023-04-13 12:28:31.642585	0:01:22:663
2023-04-13 12:28:31.657729	0:01:22:678
2023-04-13 12:28:31.788394	0:01:22:809
2023-04-13 12:28:31.874527	0:01:22:895
2023-04-13 12:28:31.964312	0:01:22:985
2023-04-13 12:28:32.090885	0:01:23:111
2023-04-13 12:28:32.135097	0:01:23:155
2023-04-13 12:28:32.216168	0:01:23:236
2023-04-13 12:28:32.302445	0:01:23:323
2023-04-13 12:28:32.463189	0:01:23:483
2023-04-13 12:28:32.506442	0:01:23:527
2023-04-13 12:28:32.604423	0:01:23:625
2023-04-13 12:28:32.607563	0:01:23:628
2023-04-13 12:28:32.610431	0:01:23:631
2023-04-13 12:28:32.759823	0:01:23:780
2023-04-13 12:28:32.947160	0:01:23:967
2023-04-13 12:28:33.189058	0:01:24:209
2023-04-13 12:28:33.214133	0:01:24:234
2023-04-13 12:28:33.813073	0:01:24:833
2023-04-13 12:28:33.835279	0:01:24:856
2023-04-13 12:28:34.006097	0:01:25:26
2023-04-13 12:28:34.107421	0:01:25:128
2023-04-13 12:28:34.265274	0:01:25:286
2023-04-13 12:28:34.455275	0:01:25:476
2023-04-13 12:28:34.500347	0:01:25:521
2023-04-13 12:28:34.539507	0:01:25:560
2023-04-13 12:28:34.957691	0:01:25:978
2023-04-13 12:28:34.978964	0:01:25:999
2023-04-13 12:28:35.097053	0:01:26:117
2023-04-13 12:28:35.121709	0:01:26:142
2023-04-13 12:28:35.124625	0:01:26:145
2023-04-13 12:28:35.462953	0:01:26:483
2023-04-13 12:28:35.467494	0:01:26:488
2023-04-13 12:28:35.517033	0:01:26:537
2023-04-13 12:28:35.625815	0:01:26:646
2023-04-13 12:28:35.795890	0:01:26:816
2023-04-13 12:28:36.061557	0:01:27:82
2023-04-13 12:28:36.854588	0:01:27:875
2023-04-13 12:28:36.906912	0:01:27:927
2023-04-13 12:28:37.376980	0:01:28:397
2023-04-13 12:28:37.502245	0:01:28:522
2023-04-13 12:28:37.553829	0:01:28:574
2023-04-13 12:28:37.746119	0:01:28:766
2023-04-13 12:28:37.949345	0:01:28:970
2023-04-13 12:28:37.979646	0:01:29:0
2023-04-13 12:28:38.348473	0:01:29:369
2023-04-13 12:28:38.407074	0:01:29:427
2023-04-13 12:28:38.809995	0:01:29:830
2023-04-13 12:28:38.908517	0:01:29:929
2023-04-13 12:28:40.474647	0:01:31:495
2023-04-13 12:28:40.477029	0:01:31:497
2023-04-13 12:28:40.982535	0:01:32:3
2023-04-13 12:28:40.984022	0:01:32:4
2023-04-13 12:28:41.149160	0:01:32:169
2023-04-13 12:28:41.223792	0:01:32:244
2023-04-13 12:28:41.273893	0:01:32:294
2023-04-13 12:28:41.349945	0:01:32:370
2023-04-13 12:28:41.431388	0:01:32:452
2023-04-13 12:28:41.587455	0:01:32:608
2023-04-13 12:28:41.589626	0:01:32:610
2023-04-13 12:28:41.606362	0:01:32:627
2023-04-13 12:28:41.749016	0:01:32:769
2023-04-13 12:28:42.036182	0:01:33:56
2023-04-13 12:28:42.079716	0:01:33:100
2023-04-13 12:28:42.123730	0:01:33:144
2023-04-13 12:28:42.259219	0:01:33:279
2023-04-13 12:28:42.328333	0:01:33:349
2023-04-13 12:28:42.499218	0:01:33:519
2023-04-13 12:28:42.926856	0:01:33:947
2023-04-13 12:28:43.018277	0:01:34:39
2023-04-13 12:28:43.237281	0:01:34:258
2023-04-13 12:28:43.573252	0:01:34:593
2023-04-13 12:28:43.575407	0:01:34:596
2023-04-13 12:28:43.749427	0:01:34:770
2023-04-13 12:28:43.794909	0:01:34:815
2023-04-13 12:28:43.839921	0:01:34:860
2023-04-13 12:28:44.176574	0:01:35:197
2023-04-13 12:28:44.358893	0:01:35:379
2023-04-13 12:28:44.395189	0:01:35:415
2023-04-13 12:28:44.536164	0:01:35:556
2023-04-13 12:28:44.566691	0:01:35:587
2023-04-13 12:28:44.674204	0:01:35:694
2023-04-13 12:28:44.984958	0:01:36:5
2023-04-13 12:28:44.985959	0:01:36:6
2023-04-13 12:28:45.099870	0:01:36:120
2023-04-13 12:28:45.100871	0:01:36:121
2023-04-13 12:28:46.275887	0:01:37:296
2023-04-13 12:28:46.485486	0:01:37:506
2023-04-13 12:28:46.566497	0:01:37:587
2023-04-13 12:28:46.839556	0:01:37:860
2023-04-13 12:28:47.343185	0:01:38:363
2023-04-13 12:28:47.490976	0:01:38:511
2023-04-13 12:28:47.603946	0:01:38:624
2023-04-13 12:28:47.721296	0:01:38:742
2023-04-13 12:28:48.823954	0:01:39:844
2023-04-13 12:28:49.041943	0:01:40:62
2023-04-13 12:28:49.607842	0:01:40:628
2023-04-13 12:28:49.781975	0:01:40:802
2023-04-13 12:28:49.877812	0:01:40:898
2023-04-13 12:28:50.055720	0:01:41:76
2023-04-13 12:28:50.306768	0:01:41:327
2023-04-13 12:28:50.392416	0:01:41:413
2023-04-13 12:28:50.423519	0:01:41:444
2023-04-13 12:28:50.514110	0:01:41:534
2023-04-13 12:28:50.625363	0:01:41:646
2023-04-13 12:28:50.782012	0:01:41:802
2023-04-13 12:28:50.846497	0:01:41:867
2023-04-13 12:28:51.043706	0:01:42:64
2023-04-13 12:28:51.915564	0:01:42:936
2023-04-13 12:28:52.116267	0:01:43:136
2023-04-13 12:28:52.147685	0:01:43:168
2023-04-13 12:28:52.339903	0:01:43:360
2023-04-13 12:28:52.408529	0:01:43:429
2023-04-13 12:28:52.555844	0:01:43:576
2023-04-13 12:28:52.606542	0:01:43:627
2023-04-13 12:28:52.685165	0:01:43:705
2023-04-13 12:28:52.909177	0:01:43:929
2023-04-13 12:28:52.983187	0:01:44:3
2023-04-13 12:28:53.106169	0:01:44:126
2023-04-13 12:28:53.124790	0:01:44:145
2023-04-13 12:28:53.253239	0:01:44:273
2023-04-13 12:28:53.397513	0:01:44:418
2023-04-13 12:28:53.568366	0:01:44:589
2023-04-13 12:28:53.668722	0:01:44:689
2023-04-13 12:28:53.916008	0:01:44:936
2023-04-13 12:28:54.032427	0:01:45:53
2023-04-13 12:28:54.344593	0:01:45:365
2023-04-13 12:28:54.424850	0:01:45:445
2023-04-13 12:28:54.610268	0:01:45:631
2023-04-13 12:28:54.774264	0:01:45:794
2023-04-13 12:28:55.058950	0:01:46:79
2023-04-13 12:28:55.114655	0:01:46:135
2023-04-13 12:28:55.131410	0:01:46:152
2023-04-13 12:28:55.360035	0:01:46:380
2023-04-13 12:28:55.615808	0:01:46:636
2023-04-13 12:28:55.671993	0:01:46:692
2023-04-13 12:28:55.793086	0:01:46:813
2023-04-13 12:28:56.310378	0:01:47:331
2023-04-13 12:28:56.312442	0:01:47:333
2023-04-13 12:28:56.457307	0:01:47:478
2023-04-13 12:28:56.860101	0:01:47:880
2023-04-13 12:28:57.141239	0:01:48:161
2023-04-13 12:28:57.280584	0:01:48:301
2023-04-13 12:28:57.407335	0:01:48:428
2023-04-13 12:28:57.538259	0:01:48:558
2023-04-13 12:28:57.634875	0:01:48:655
2023-04-13 12:28:57.692138	0:01:48:712
2023-04-13 12:28:57.807568	0:01:48:828
2023-04-13 12:28:57.907824	0:01:48:928
2023-04-13 12:28:57.924471	0:01:48:945
2023-04-13 12:28:58.068074	0:01:49:88
2023-04-13 12:28:58.261166	0:01:49:281
2023-04-13 12:28:58.667938	0:01:49:688
2023-04-13 12:28:58.872896	0:01:49:893
2023-04-13 12:28:59.307792	0:01:50:328
2023-04-13 12:28:59.392874	0:01:50:413
2023-04-13 12:28:59.713049	0:01:50:733
2023-04-13 12:28:59.815546	0:01:50:836
2023-04-13 12:29:00.013408	0:01:51:34
2023-04-13 12:29:00.140126	0:01:51:160
2023-04-13 12:29:00.758849	0:01:51:779
2023-04-13 12:29:00.917725	0:01:51:938
2023-04-13 12:29:01.558873	0:01:52:579
2023-04-13 12:29:01.692820	0:01:52:713
2023-04-13 12:29:02.340038	0:01:53:360
2023-04-13 12:29:02.596067	0:01:53:616
2023-04-13 12:29:02.966057	0:01:53:986
2023-04-13 12:29:03.106822	0:01:54:127
2023-04-13 12:29:03.903838	0:01:54:924
2023-04-13 12:29:04.647456	0:01:55:668
2023-04-13 12:29:04.769783	0:01:55:790
2023-04-13 12:29:04.947260	0:01:55:967
2023-04-13 12:29:05.192950	0:01:56:213
2023-04-13 12:29:05.287115	0:01:56:307
2023-04-13 12:29:05.475058	0:01:56:495
2023-04-13 12:29:05.511688	0:01:56:532
2023-04-13 12:29:05.968335	0:01:56:989
2023-04-13 12:29:06.031797	0:01:57:52
2023-04-13 12:29:06.342049	0:01:57:362
2023-04-13 12:29:06.442423	0:01:57:463
2023-04-13 12:29:06.474732	0:01:57:495
2023-04-13 12:29:06.539015	0:01:57:559
2023-04-13 12:29:06.944824	0:01:57:965
2023-04-13 12:29:07.027101	0:01:58:47
2023-04-13 12:29:07.531096	0:01:58:551
2023-04-13 12:29:07.674821	0:01:58:695
2023-04-13 12:29:07.732236	0:01:58:752
2023-04-13 12:29:07.778920	0:01:58:799
2023-04-13 12:29:07.858444	0:01:58:879
2023-04-13 12:29:08.237099	0:01:59:257
2023-04-13 12:29:08.348147	0:01:59:368
2023-04-13 12:29:08.412817	0:01:59:433
2023-04-13 12:29:08.661322	0:01:59:682
2023-04-13 12:29:08.691378	0:01:59:712
2023-04-13 12:29:08.802454	0:01:59:823
2023-04-13 12:29:08.840703	0:01:59:861
2023-04-13 12:29:08.858079	0:01:59:878
2023-04-13 12:29:09.017256	0:02:00:37
2023-04-13 12:29:09.098696	0:02:00:119
2023-04-13 12:29:09.799504	0:02:00:820
2023-04-13 12:29:09.886777	0:02:00:907
2023-04-13 12:29:10.414975	0:02:01:435
2023-04-13 12:29:10.509511	0:02:01:530
2023-04-13 12:29:10.662650	0:02:01:683
2023-04-13 12:29:10.711977	0:02:01:732
2023-04-13 12:29:10.803652	0:02:01:824
2023-04-13 12:29:10.842755	0:02:01:863
2023-04-13 12:29:10.879468	0:02:01:900
2023-04-13 12:29:10.982781	0:02:02:3
2023-04-13 12:29:10.984780	0:02:02:5
2023-04-13 12:29:11.043460	0:02:02:64
2023-04-13 12:29:11.190956	0:02:02:211
2023-04-13 12:29:11.313059	0:02:02:333
2023-04-13 12:29:11.366973	0:02:02:387
2023-04-13 12:29:11.438514	0:02:02:459
2023-04-13 12:29:11.483874	0:02:02:504
2023-04-13 12:29:11.567920	0:02:02:588
2023-04-13 12:29:12.328768	0:02:03:349
2023-04-13 12:29:12.435229	0:02:03:455
2023-04-13 12:29:12.707703	0:02:03:728
2023-04-13 12:29:12.833298	0:02:03:854
2023-04-13 12:29:12.879962	0:02:03:900
2023-04-13 12:29:13.157768	0:02:04:178
2023-04-13 12:29:13.308636	0:02:04:329
2023-04-13 12:29:13.435550	0:02:04:456
2023-04-13 12:29:13.503469	0:02:04:524
2023-04-13 12:29:13.642329	0:02:04:663
2023-04-13 12:29:13.730927	0:02:04:751
2023-04-13 12:29:13.806234	0:02:04:826
2023-04-13 12:29:13.876517	0:02:04:897
2023-04-13 12:29:13.966609	0:02:04:987
2023-04-13 12:29:14.396642	0:02:05:417
2023-04-13 12:29:14.517523	0:02:05:538
2023-04-13 12:29:15.781304	0:02:06:802
2023-04-13 12:29:15.890514	0:02:06:911
2023-04-13 12:29:15.959532	0:02:06:980
2023-04-13 12:29:16.009958	0:02:07:30
2023-04-13 12:29:16.033594	0:02:07:54
2023-04-13 12:29:16.130330	0:02:07:151
2023-04-13 12:29:16.676426	0:02:07:697
2023-04-13 12:29:16.864180	0:02:07:884
2023-04-13 12:29:17.125811	0:02:08:146
2023-04-13 12:29:17.451918	0:02:08:472
2023-04-13 12:29:17.495666	0:02:08:516
2023-04-13 12:29:17.607022	0:02:08:627
2023-04-13 12:29:17.644637	0:02:08:665
2023-04-13 12:29:17.683692	0:02:08:704
2023-04-13 12:29:17.725273	0:02:08:746
2023-04-13 12:29:17.739087	0:02:08:759
2023-04-13 12:29:20.208166	0:02:11:228
2023-04-13 12:29:20.209728	0:02:11:230
2023-04-13 12:29:20.349243	0:02:11:369
2023-04-13 12:29:20.420408	0:02:11:441
2023-04-13 12:29:20.520351	0:02:11:541
2023-04-13 12:29:20.765005	0:02:11:785
2023-04-13 12:29:20.796167	0:02:11:816
2023-04-13 12:29:20.894356	0:02:11:915
2023-04-13 12:29:20.919908	0:02:11:940
2023-04-13 12:29:21.031463	0:02:12:52
2023-04-13 12:29:21.123213	0:02:12:143
2023-04-13 12:29:21.174519	0:02:12:195
2023-04-13 12:29:21.282348	0:02:12:303
2023-04-13 12:29:21.325274	0:02:12:346
2023-04-13 12:29:23.596271	0:02:14:617
2023-04-13 12:29:23.615081	0:02:14:635
2023-04-13 12:29:23.863538	0:02:14:884
2023-04-13 12:29:24.162786	0:02:15:183
2023-04-13 12:29:24.308257	0:02:15:328
2023-04-13 12:29:24.886950	0:02:15:907
2023-04-13 12:29:24.912502	0:02:15:933
2023-04-13 12:29:25.010068	0:02:16:30
2023-04-13 12:29:25.034236	0:02:16:54
2023-04-13 12:29:25.133637	0:02:16:154
2023-04-13 12:29:25.250476	0:02:16:271
2023-04-13 12:29:25.435643	0:02:16:456
2023-04-13 12:29:25.568230	0:02:16:588
2023-04-13 12:29:26.053030	0:02:17:73
2023-04-13 12:29:26.076953	0:02:17:97
2023-04-13 12:29:33.142573	0:02:24:163
2023-04-13 12:29:33.276309	0:02:24:297
2023-04-13 12:29:33.527513	0:02:24:548
2023-04-13 12:29:33.651285	0:02:24:672
2023-04-13 12:29:33.945325	0:02:24:966
2023-04-13 12:29:34.099753	0:02:25:120
2023-04-13 12:29:34.565306	0:02:25:586
2023-04-13 12:29:34.705949	0:02:25:726
2023-04-13 12:29:35.218658	0:02:26:239
2023-04-13 12:29:35.359049	0:02:26:379
2023-04-13 12:29:35.569102	0:02:26:589
2023-04-13 12:29:35.715418	0:02:26:736
2023-04-13 12:29:35.895355	0:02:26:916
2023-04-13 12:29:36.029320	0:02:27:50
2023-04-13 12:29:36.320277	0:02:27:341
2023-04-13 12:29:36.441706	0:02:27:462
2023-04-13 12:29:36.442711	0:02:27:463
2023-04-13 12:29:36.466540	0:02:27:487
2023-04-13 12:29:36.550991	0:02:27:571
2023-04-13 12:29:36.707937	0:02:27:728
2023-04-13 12:29:36.914762	0:02:27:935
2023-04-13 12:29:37.091926	0:02:28:112
2023-04-13 12:29:37.278028	0:02:28:298
2023-04-13 12:29:37.419009	0:02:28:439
2023-04-13 12:29:37.529372	0:02:28:550
2023-04-13 12:29:37.687180	0:02:28:707
2023-04-13 12:29:37.858259	0:02:28:878
2023-04-13 12:29:38.069631	0:02:29:90
2023-04-13 12:29:38.249060	0:02:29:269
2023-04-13 12:29:38.374497	0:02:29:395
2023-04-13 12:29:38.578616	0:02:29:599
2023-04-13 12:29:38.748331	0:02:29:769
2023-04-13 12:29:38.893780	0:02:29:914
2023-04-13 12:29:39.037141	0:02:30:57
2023-04-13 12:29:39.224145	0:02:30:244
2023-04-13 12:29:39.357267	0:02:30:377
2023-04-13 12:29:39.678004	0:02:30:698
2023-04-13 12:29:39.864124	0:02:30:884
2023-04-13 12:29:40.242703	0:02:31:263
2023-04-13 12:29:40.324412	0:02:31:345
2023-04-13 12:29:40.587263	0:02:31:607
2023-04-13 12:29:40.729799	0:02:31:750
2023-04-13 12:29:41.106488	0:02:32:127
2023-04-13 12:29:41.240888	0:02:32:261
2023-04-13 12:29:41.381456	0:02:32:402
2023-04-13 12:29:41.524196	0:02:32:544
2023-04-13 12:29:41.736130	0:02:32:756
2023-04-13 12:29:41.890217	0:02:32:910
2023-04-13 12:29:42.014600	0:02:33:35
2023-04-13 12:29:42.116291	0:02:33:137
2023-04-13 12:29:42.290873	0:02:33:311
2023-04-13 12:29:42.387771	0:02:33:408
2023-04-13 12:29:42.625208	0:02:33:645
2023-04-13 12:29:42.758409	0:02:33:779
2023-04-13 12:29:42.824831	0:02:33:845
2023-04-13 12:29:42.928394	0:02:33:949
2023-04-13 12:29:46.427603	0:02:37:448
2023-04-13 12:29:47.767401	0:02:38:788
2023-04-13 12:29:48.145473	0:02:39:166
2023-04-13 12:29:48.480387	0:02:39:501
2023-04-13 12:29:48.604225	0:02:39:624
2023-04-13 12:29:48.741498	0:02:39:762
2023-04-13 12:29:48.755657	0:02:39:776
2023-04-13 12:29:48.876245	0:02:39:896
2023-04-13 12:29:48.947641	0:02:39:968
2023-04-13 12:29:48.953138	0:02:39:973
2023-04-13 12:29:49.067303	0:02:40:88
2023-04-13 12:29:49.228980	0:02:40:249
2023-04-13 12:29:49.783233	0:02:40:803
2023-04-13 12:29:49.787883	0:02:40:808
2023-04-13 12:29:49.960086	0:02:40:980
2023-04-13 12:29:50.050534	0:02:41:71
2023-04-13 12:29:51.055565	0:02:42:76
2023-04-13 12:29:51.069848	0:02:42:90
2023-04-13 12:29:51.498133	0:02:42:518
2023-04-13 12:29:52.764180	0:02:43:784
2023-04-13 12:29:52.935679	0:02:43:956
2023-04-13 12:29:52.973049	0:02:43:993
2023-04-13 12:29:53.110010	0:02:44:130
2023-04-13 12:29:53.591590	0:02:44:612
2023-04-13 12:29:53.723873	0:02:44:744
2023-04-13 12:29:57.818672	0:02:48:839
2023-04-13 12:29:58.007184	0:02:49:27
2023-04-13 12:29:58.054717	0:02:49:75
2023-04-13 12:29:58.141215	0:02:49:161
2023-04-13 12:29:58.167508	0:02:49:188
2023-04-13 12:29:58.344210	0:02:49:364
2023-04-13 12:29:58.469600	0:02:49:490
2023-04-13 12:29:58.545905	0:02:49:566
2023-04-13 12:29:59.603258	0:02:50:623
2023-04-13 12:30:00.223145	0:02:51:243
2023-04-13 12:30:00.369880	0:02:51:390
2023-04-13 12:30:00.534780	0:02:51:555
2023-04-13 12:30:00.608736	0:02:51:629
2023-04-13 12:30:00.625476	0:02:51:646
2023-04-13 12:30:00.678346	0:02:51:699
2023-04-13 12:30:00.703096	0:02:51:723
2023-04-13 12:30:08.247042	0:02:59:267
2023-04-13 12:30:08.252975	0:02:59:273
2023-04-13 12:30:08.280293	0:02:59:301
2023-04-13 12:30:08.284211	0:02:59:304
2023-04-13 12:30:08.289716	0:02:59:310
2023-04-13 12:30:08.290702	0:02:59:311
2023-04-13 12:30:08.413374	0:02:59:434
2023-04-13 12:30:08.545225	0:02:59:565
2023-04-13 12:30:08.549357	0:02:59:570
2023-04-13 12:30:08.551357	0:02:59:572
2023-04-13 12:30:08.746274	0:02:59:767
2023-04-13 12:30:08.913825	0:02:59:934
2023-04-13 12:30:08.940700	0:02:59:961
2023-04-13 12:30:08.943918	0:02:59:964
2023-04-13 12:30:09.296856	0:03:00:317
2023-04-13 12:30:09.362396	0:03:00:383
2023-04-13 12:30:09.458644	0:03:00:479
2023-04-13 12:30:09.491704	0:03:00:512
2023-04-13 12:30:09.608406	0:03:00:629
2023-04-13 12:30:09.610340	0:03:00:631
2023-04-13 12:30:09.691458	0:03:00:712
2023-04-13 12:30:09.775252	0:03:00:795
2023-04-13 12:30:09.807139	0:03:00:827
2023-04-13 12:30:09.892417	0:03:00:913
2023-04-13 12:30:10.662393	0:03:01:683
2023-04-13 12:30:10.919607	0:03:01:940
2023-04-13 12:30:11.025655	0:03:02:46
2023-04-13 12:30:11.138675	0:03:02:159
2023-04-13 12:30:11.353344	0:03:02:374
2023-04-13 12:30:11.463571	0:03:02:484
2023-04-13 12:30:11.527053	0:03:02:547
2023-04-13 12:30:11.530017	0:03:02:550
2023-04-13 12:30:11.551040	0:03:02:571
2023-04-13 12:30:13.673108	0:03:04:693
2023-04-13 12:30:13.683734	0:03:04:704
2023-04-13 12:30:13.693411	0:03:04:714
2023-04-13 12:30:13.696528	0:03:04:717
2023-04-13 12:30:13.910309	0:03:04:931
2023-04-13 12:30:14.338496	0:03:05:359
2023-04-13 12:30:14.410865	0:03:05:431
2023-04-13 12:30:14.812727	0:03:05:833
2023-04-13 12:30:14.831927	0:03:05:852
2023-04-13 12:30:14.912040	0:03:05:932
2023-04-13 12:30:14.995280	0:03:06:16
2023-04-13 12:30:15.299732	0:03:06:320
2023-04-13 12:30:16.278334	0:03:07:299
2023-04-13 12:30:16.286256	0:03:07:306
2023-04-13 12:30:16.293460	0:03:07:314
2023-04-13 12:30:16.314397	0:03:07:335
2023-04-13 12:30:16.796599	0:03:07:817
2023-04-13 12:30:16.860077	0:03:07:880
2023-04-13 12:30:16.863628	0:03:07:884
2023-04-13 12:30:16.953431	0:03:07:974
2023-04-13 12:30:16.969288	0:03:07:990
2023-04-13 12:30:17.455827	0:03:08:476
2023-04-13 12:30:17.573574	0:03:08:594
2023-04-13 12:30:17.613212	0:03:08:633
2023-04-13 12:30:17.915656	0:03:08:936
2023-04-13 12:30:17.940639	0:03:08:961
2023-04-13 12:30:18.029539	0:03:09:50
2023-04-13 12:30:18.033398	0:03:09:54
2023-04-13 12:30:18.037213	0:03:09:57
2023-04-13 12:30:18.088136	0:03:09:108
2023-04-13 12:30:18.090220	0:03:09:110
2023-04-13 12:30:18.111131	0:03:09:131
2023-04-13 12:30:18.572427	0:03:09:593
2023-04-13 12:30:18.757000	0:03:09:777
2023-04-13 12:30:18.913408	0:03:09:934
2023-04-13 12:30:19.001533	0:03:10:22
2023-04-13 12:30:19.127588	0:03:10:148
2023-04-13 12:30:19.147924	0:03:10:168
2023-04-13 12:30:19.203166	0:03:10:223
2023-04-13 12:30:19.214364	0:03:10:235
2023-04-13 12:30:19.495273	0:03:10:516
2023-04-13 12:30:19.497997	0:03:10:518
2023-04-13 12:30:19.633047	0:03:10:653
2023-04-13 12:30:19.742454	0:03:10:763
2023-04-13 12:30:19.834265	0:03:10:854
2023-04-13 12:30:19.839230	0:03:10:859
2023-04-13 12:30:20.004035	0:03:11:24
2023-04-13 12:30:20.113144	0:03:11:133
2023-04-13 12:30:20.131172	0:03:11:151
2023-04-13 12:30:20.284736	0:03:11:305
2023-04-13 12:30:20.301746	0:03:11:322
2023-04-13 12:30:20.323816	0:03:11:344
2023-04-13 12:30:20.547694	0:03:11:568
2023-04-13 12:30:20.569516	0:03:11:590
2023-04-13 12:30:20.776149	0:03:11:796
2023-04-13 12:30:20.779063	0:03:11:799
2023-04-13 12:30:20.846407	0:03:11:867
2023-04-13 12:30:20.911177	0:03:11:931
2023-04-13 12:30:21.210964	0:03:12:231
2023-04-13 12:30:21.248799	0:03:12:269
2023-04-13 12:30:21.359802	0:03:12:380
2023-04-13 12:30:21.470501	0:03:12:491
2023-04-13 12:30:21.626505	0:03:12:647
2023-04-13 12:30:21.639703	0:03:12:660
2023-04-13 12:30:21.759198	0:03:12:779
2023-04-13 12:30:21.853529	0:03:12:874
2023-04-13 12:30:22.048586	0:03:13:69
2023-04-13 12:30:22.229967	0:03:13:250
2023-04-13 12:30:22.300510	0:03:13:321
2023-04-13 12:30:22.444035	0:03:13:464
2023-04-13 12:30:22.473406	0:03:13:494
2023-04-13 12:30:22.599404	0:03:13:620
2023-04-13 12:30:22.637222	0:03:13:657
2023-04-13 12:30:22.711693	0:03:13:732
2023-04-13 12:30:22.782971	0:03:13:803
2023-04-13 12:30:23.047893	0:03:14:68
2023-04-13 12:30:23.155067	0:03:14:175
2023-04-13 12:30:23.210003	0:03:14:230
2023-04-13 12:30:23.972442	0:03:14:993
2023-04-13 12:30:23.985122	0:03:15:5
2023-04-13 12:30:24.017294	0:03:15:38
2023-04-13 12:30:24.076915	0:03:15:97
2023-04-13 12:30:24.225067	0:03:15:245
2023-04-13 12:30:24.441465	0:03:15:462
2023-04-13 12:30:24.455886	0:03:15:476
2023-04-13 12:30:24.726945	0:03:15:747
2023-04-13 12:30:24.757603	0:03:15:778
2023-04-13 12:30:24.867707	0:03:15:888
2023-04-13 12:30:24.996370	0:03:16:17
2023-04-13 12:30:25.107488	0:03:16:128
2023-04-13 12:30:25.113353	0:03:16:134
2023-04-13 12:30:25.115368	0:03:16:136
2023-04-13 12:30:25.239960	0:03:16:260
2023-04-13 12:30:25.286104	0:03:16:306
2023-04-13 12:30:25.362107	0:03:16:382
2023-04-13 12:30:25.458183	0:03:16:478
2023-04-13 12:30:25.618093	0:03:16:638
2023-04-13 12:30:25.968143	0:03:16:988
2023-04-13 12:30:25.972836	0:03:16:993
2023-04-13 12:30:26.047319	0:03:17:68
2023-04-13 12:30:26.119338	0:03:17:140
2023-04-13 12:30:26.384350	0:03:17:405
2023-04-13 12:30:26.582756	0:03:17:603
2023-04-13 12:30:26.779974	0:03:17:800
2023-04-13 12:30:26.863705	0:03:17:884
2023-04-13 12:30:26.958504	0:03:17:979
2023-04-13 12:30:27.228154	0:03:18:248
2023-04-13 12:30:27.360334	0:03:18:381
2023-04-13 12:30:27.661881	0:03:18:682
2023-04-13 12:30:27.777223	0:03:18:797
2023-04-13 12:30:27.896687	0:03:18:917
2023-04-13 12:30:28.000162	0:03:19:20
2023-04-13 12:30:28.639859	0:03:19:660
2023-04-13 12:30:28.755252	0:03:19:775
2023-04-13 12:30:28.836666	0:03:19:857
2023-04-13 12:30:28.909055	0:03:19:929
2023-04-13 12:30:29.320550	0:03:20:341
2023-04-13 12:30:29.325206	0:03:20:345
2023-04-13 12:30:29.409262	0:03:20:429
2023-04-13 12:30:29.803079	0:03:20:823
2023-04-13 12:30:29.823972	0:03:20:844
2023-04-13 12:30:29.825598	0:03:20:846
2023-04-13 12:30:29.853746	0:03:20:874
2023-04-13 12:30:29.914219	0:03:20:934
2023-04-13 12:30:30.045441	0:03:21:66
2023-04-13 12:30:30.498917	0:03:21:519
2023-04-13 12:30:30.499915	0:03:21:520
2023-04-13 12:30:30.566957	0:03:21:587
2023-04-13 12:30:30.679399	0:03:21:700
2023-04-13 12:30:30.913315	0:03:21:934
2023-04-13 12:30:30.994439	0:03:22:15
2023-04-13 12:30:31.063394	0:03:22:84
2023-04-13 12:30:31.154725	0:03:22:175
2023-04-13 12:30:31.173860	0:03:22:194
2023-04-13 12:30:31.280019	0:03:22:300
2023-04-13 12:30:31.366434	0:03:22:387
2023-04-13 12:30:31.526902	0:03:22:547
2023-04-13 12:30:31.528220	0:03:22:548
2023-04-13 12:30:31.622763	0:03:22:643
2023-04-13 12:30:31.652693	0:03:22:673
2023-04-13 12:30:31.657699	0:03:22:678
2023-04-13 12:30:31.865693	0:03:22:886
2023-04-13 12:30:31.885846	0:03:22:906
2023-04-13 12:30:32.074020	0:03:23:94
2023-04-13 12:30:32.131065	0:03:23:151
2023-04-13 12:30:32.218129	0:03:23:238
2023-04-13 12:30:32.400622	0:03:23:421
2023-04-13 12:30:32.415581	0:03:23:436
2023-04-13 12:30:32.516527	0:03:23:537
2023-04-13 12:30:32.629543	0:03:23:650
2023-04-13 12:30:32.773173	0:03:23:793
2023-04-13 12:30:32.777398	0:03:23:798
2023-04-13 12:30:32.816682	0:03:23:837
2023-04-13 12:30:33.591069	0:03:24:611
2023-04-13 12:30:33.594421	0:03:24:615
2023-04-13 12:30:33.794895	0:03:24:815
2023-04-13 12:30:33.914051	0:03:24:934
2023-04-13 12:30:33.915525	0:03:24:936
2023-04-13 12:30:34.276689	0:03:25:297
2023-04-13 12:30:34.278993	0:03:25:299
2023-04-13 12:30:34.352811	0:03:25:373
2023-04-13 12:30:34.370636	0:03:25:391
2023-04-13 12:30:34.562152	0:03:25:582
2023-04-13 12:30:34.643853	0:03:25:664
2023-04-13 12:30:34.748414	0:03:25:769
2023-04-13 12:30:34.895579	0:03:25:916
2023-04-13 12:30:34.913862	0:03:25:934
2023-04-13 12:30:34.961703	0:03:25:982
2023-04-13 12:30:34.965124	0:03:25:985
2023-04-13 12:30:35.008573	0:03:26:29
2023-04-13 12:30:35.031496	0:03:26:52
2023-04-13 12:30:35.055899	0:03:26:76
2023-04-13 12:30:35.072439	0:03:26:93
2023-04-13 12:30:35.222753	0:03:26:243
2023-04-13 12:30:35.242331	0:03:26:263
2023-04-13 12:30:35.309279	0:03:26:330
2023-04-13 12:30:35.394431	0:03:26:415
2023-04-13 12:30:35.438981	0:03:26:459
2023-04-13 12:30:35.781278	0:03:26:802
2023-04-13 12:30:35.808479	0:03:26:829
2023-04-13 12:30:35.861984	0:03:26:882
2023-04-13 12:30:36.059189	0:03:27:79
2023-04-13 12:30:36.099946	0:03:27:120
2023-04-13 12:30:36.104171	0:03:27:124
2023-04-13 12:30:36.323570	0:03:27:344
2023-04-13 12:30:36.346084	0:03:27:366
2023-04-13 12:30:36.348108	0:03:27:368
2023-04-13 12:30:36.431266	0:03:27:451
2023-04-13 12:30:36.458972	0:03:27:479
2023-04-13 12:30:36.469728	0:03:27:490
2023-04-13 12:30:36.608517	0:03:27:629
2023-04-13 12:30:36.644318	0:03:27:665
2023-04-13 12:30:36.724160	0:03:27:744
2023-04-13 12:30:36.941535	0:03:27:962
2023-04-13 12:30:37.028589	0:03:28:49
2023-04-13 12:30:37.075144	0:03:28:95
2023-04-13 12:30:37.080565	0:03:28:101
2023-04-13 12:30:37.114149	0:03:28:134
2023-04-13 12:30:37.128511	0:03:28:149
2023-04-13 12:30:37.214821	0:03:28:235
2023-04-13 12:30:37.673680	0:03:28:694
2023-04-13 12:30:37.696385	0:03:28:717
2023-04-13 12:30:37.832595	0:03:28:853
2023-04-13 12:30:38.796755	0:03:29:817
2023-04-13 12:30:38.886808	0:03:29:907
2023-04-13 12:30:39.400356	0:03:30:421
2023-04-13 12:30:39.578745	0:03:30:599
2023-04-13 12:30:39.631231	0:03:30:651
2023-04-13 12:30:39.782303	0:03:30:803
2023-04-13 12:30:39.913495	0:03:30:934
2023-04-13 12:30:39.954433	0:03:30:975
2023-04-13 12:30:40.072405	0:03:31:93
2023-04-13 12:30:40.106257	0:03:31:126
2023-04-13 12:30:40.211405	0:03:31:232
2023-04-13 12:30:40.333335	0:03:31:354
2023-04-13 12:30:40.393864	0:03:31:414
2023-04-13 12:30:40.630243	0:03:31:650
2023-04-13 12:30:40.666726	0:03:31:687
2023-04-13 12:30:40.715783	0:03:31:736
2023-04-13 12:30:40.731703	0:03:31:752
2023-04-13 12:30:40.852019	0:03:31:872
2023-04-13 12:30:40.932061	0:03:31:952
2023-04-13 12:30:40.934058	0:03:31:954
2023-04-13 12:30:40.959898	0:03:31:980
2023-04-13 12:30:41.107483	0:03:32:128
2023-04-13 12:30:41.220804	0:03:32:241
2023-04-13 12:30:41.352403	0:03:32:373
2023-04-13 12:30:41.528494	0:03:32:549
2023-04-13 12:30:41.548862	0:03:32:569
2023-04-13 12:30:41.634191	0:03:32:654
2023-04-13 12:30:41.668974	0:03:32:689
2023-04-13 12:30:41.924235	0:03:32:944
2023-04-13 12:30:41.941540	0:03:32:962
2023-04-13 12:30:42.002311	0:03:33:23
2023-04-13 12:30:42.079646	0:03:33:100
2023-04-13 12:30:42.114929	0:03:33:135
2023-04-13 12:30:42.226257	0:03:33:246
2023-04-13 12:30:42.230014	0:03:33:250
2023-04-13 12:30:42.506058	0:03:33:526
2023-04-13 12:30:42.507893	0:03:33:528
2023-04-13 12:30:42.754849	0:03:33:775
2023-04-13 12:30:42.840713	0:03:33:861
2023-04-13 12:30:43.193161	0:03:34:213
2023-04-13 12:30:43.196427	0:03:34:217
2023-04-13 12:30:43.574514	0:03:34:595
2023-04-13 12:30:43.599811	0:03:34:620
2023-04-13 12:30:44.055244	0:03:35:75
2023-04-13 12:30:44.155057	0:03:35:175
2023-04-13 12:30:44.299214	0:03:35:319
2023-04-13 12:30:44.329159	0:03:35:349
2023-04-13 12:30:44.575696	0:03:35:596
2023-04-13 12:30:44.593528	0:03:35:614
2023-04-13 12:30:44.608477	0:03:35:629
2023-04-13 12:30:44.694423	0:03:35:715
2023-04-13 12:30:44.695423	0:03:35:716
2023-04-13 12:30:44.776737	0:03:35:797
2023-04-13 12:30:44.825307	0:03:35:846
2023-04-13 12:30:45.041934	0:03:36:62
2023-04-13 12:30:45.368615	0:03:36:389
2023-04-13 12:30:45.370762	0:03:36:391
2023-04-13 12:30:45.593086	0:03:36:613
2023-04-13 12:30:45.666713	0:03:36:687
2023-04-13 12:30:46.016529	0:03:37:37
2023-04-13 12:30:46.106743	0:03:37:127
2023-04-13 12:30:48.550812	0:03:39:571
2023-04-13 12:30:48.576379	0:03:39:597
2023-04-13 12:30:48.591504	0:03:39:612
2023-04-13 12:30:48.595982	0:03:39:616
2023-04-13 12:30:48.606227	0:03:39:626
2023-04-13 12:30:48.653243	0:03:39:673
2023-04-13 12:30:48.959339	0:03:39:980
2023-04-13 12:30:49.180418	0:03:40:201
2023-04-13 12:30:49.182072	0:03:40:202
2023-04-13 12:30:49.290503	0:03:40:311
2023-04-13 12:30:49.442133	0:03:40:462
2023-04-13 12:30:49.474320	0:03:40:495
2023-04-13 12:30:49.754038	0:03:40:774
2023-04-13 12:30:49.966982	0:03:40:987
2023-04-13 12:30:49.981760	0:03:41:2
2023-04-13 12:30:50.098696	0:03:41:119
2023-04-13 12:30:50.318816	0:03:41:339
2023-04-13 12:30:50.334489	0:03:41:355
2023-04-13 12:30:50.466407	0:03:41:487
2023-04-13 12:30:50.667214	0:03:41:687
2023-04-13 12:30:50.671052	0:03:41:691
2023-04-13 12:30:50.976811	0:03:41:997
2023-04-13 12:30:51.277507	0:03:42:298
2023-04-13 12:30:51.332113	0:03:42:352
2023-04-13 12:30:51.366950	0:03:42:387
2023-04-13 12:30:51.475301	0:03:42:496
2023-04-13 12:30:51.605302	0:03:42:626
2023-04-13 12:30:51.660342	0:03:42:681
2023-04-13 12:30:51.746289	0:03:42:767
2023-04-13 12:30:51.847858	0:03:42:868
2023-04-13 12:30:51.884100	0:03:42:904
2023-04-13 12:30:51.962101	0:03:42:982
2023-04-13 12:30:52.124232	0:03:43:144
2023-04-13 12:30:52.150496	0:03:43:171
2023-04-13 12:30:52.184187	0:03:43:204
2023-04-13 12:30:52.437332	0:03:43:458
2023-04-13 12:30:52.438922	0:03:43:459
2023-04-13 12:30:52.877157	0:03:43:897
2023-04-13 12:30:52.897529	0:03:43:918
2023-04-13 12:30:52.977017	0:03:43:997
2023-04-13 12:30:53.008254	0:03:44:28
2023-04-13 12:30:53.425864	0:03:44:446
2023-04-13 12:30:53.426869	0:03:44:447
2023-04-13 12:30:53.614516	0:03:44:635
2023-04-13 12:30:53.692522	0:03:44:713
2023-04-13 12:30:53.694522	0:03:44:715
2023-04-13 12:30:53.746327	0:03:44:767
2023-04-13 12:30:53.829801	0:03:44:850
2023-04-13 12:30:53.935141	0:03:44:955
2023-04-13 12:30:54.060002	0:03:45:80
2023-04-13 12:30:54.502528	0:03:45:523
2023-04-13 12:30:54.636057	0:03:45:656
2023-04-13 12:30:54.700772	0:03:45:721
2023-04-13 12:30:54.807461	0:03:45:828
2023-04-13 12:30:55.066841	0:03:46:87
2023-04-13 12:30:55.145397	0:03:46:166
2023-04-13 12:30:55.148907	0:03:46:169
2023-04-13 12:30:55.380115	0:03:46:400
2023-04-13 12:30:55.381824	0:03:46:402
2023-04-13 12:30:55.466701	0:03:46:487
2023-04-13 12:30:55.647673	0:03:46:668
2023-04-13 12:30:55.739573	0:03:46:760
2023-04-13 12:30:55.813228	0:03:46:833
2023-04-13 12:30:55.884927	0:03:46:905
2023-04-13 12:30:56.611318	0:03:47:632
2023-04-13 12:30:56.657156	0:03:47:677
2023-04-13 12:30:56.777553	0:03:47:798
2023-04-13 12:30:57.133769	0:03:48:154
2023-04-13 12:30:57.172173	0:03:48:192
2023-04-13 12:30:57.251924	0:03:48:272
2023-04-13 12:30:57.896110	0:03:48:916
2023-04-13 12:30:57.983125	0:03:49:3
2023-04-13 12:30:58.114610	0:03:49:135
2023-04-13 12:30:58.143709	0:03:49:164
2023-04-13 12:30:58.259460	0:03:49:280
2023-04-13 12:30:58.341236	0:03:49:361
2023-04-13 12:30:58.420745	0:03:49:441
2023-04-13 12:30:58.589943	0:03:49:610
2023-04-13 12:30:58.662418	0:03:49:683
2023-04-13 12:30:58.919078	0:03:49:939
2023-04-13 12:30:59.040645	0:03:50:61
2023-04-13 12:30:59.100603	0:03:50:121
2023-04-13 12:30:59.197394	0:03:50:218
2023-04-13 12:30:59.250722	0:03:50:271
2023-04-13 12:30:59.408220	0:03:50:428
2023-04-13 12:30:59.454153	0:03:50:474
2023-04-13 12:30:59.591634	0:03:50:612
2023-04-13 12:30:59.681237	0:03:50:701
2023-04-13 12:30:59.770094	0:03:50:790
2023-04-13 12:30:59.887600	0:03:50:908
2023-04-13 12:31:00.180745	0:03:51:201
2023-04-13 12:31:00.199264	0:03:51:219
2023-04-13 12:31:00.246574	0:03:51:267
2023-04-13 12:31:00.410931	0:03:51:431
2023-04-13 12:31:00.931173	0:03:51:951
2023-04-13 12:31:01.015812	0:03:52:36
2023-04-13 12:31:01.108935	0:03:52:129
2023-04-13 12:31:01.126880	0:03:52:147
2023-04-13 12:31:01.143809	0:03:52:164
2023-04-13 12:31:01.158634	0:03:52:179
2023-04-13 12:31:01.215439	0:03:52:236
2023-04-13 12:31:01.259020	0:03:52:279
2023-04-13 12:31:01.261076	0:03:52:281
2023-04-13 12:31:01.384379	0:03:52:405
2023-04-13 12:31:01.486717	0:03:52:507
2023-04-13 12:31:01.524688	0:03:52:545
2023-04-13 12:31:01.747195	0:03:52:767
2023-04-13 12:31:01.834850	0:03:52:855
2023-04-13 12:31:01.857937	0:03:52:878
2023-04-13 12:31:02.111777	0:03:53:132
2023-04-13 12:31:02.438257	0:03:53:458
2023-04-13 12:31:09.943641	0:04:00:964
2023-04-13 12:31:10.021597	0:04:01:42
2023-04-13 12:31:10.120192	0:04:01:140
2023-04-13 12:31:11.219767	0:04:02:240
2023-04-13 12:31:13.446816	0:04:04:467
