2023-04-13 12:27:08.979268	z	pressed
2023-04-13 12:27:09.075052	z	released
2023-04-13 12:27:11.361745	z	pressed
2023-04-13 12:27:11.526767	z	released
2023-04-13 12:27:12.411511	z	pressed
2023-04-13 12:27:12.552815	z	released
2023-04-13 12:27:15.484618	z	pressed
2023-04-13 12:27:15.554200	z	released
2023-04-13 12:27:15.981424	z	pressed
2023-04-13 12:27:16.074033	z	released
2023-04-13 12:27:16.425254	z	pressed
2023-04-13 12:27:16.527738	z	released
2023-04-13 12:27:21.496426	Key.left	pressed
2023-04-13 12:27:21.882550	Key.down	pressed
2023-04-13 12:27:22.775604	Key.down	released
2023-04-13 12:27:22.881804	Key.up	pressed
2023-04-13 12:27:24.343190	Key.left	released
2023-04-13 12:27:24.352503	Key.up	pressed
2023-04-13 12:27:24.832377	Key.right	pressed
2023-04-13 12:27:25.582007	Key.up	released
2023-04-13 12:27:25.608141	Key.right	pressed
2023-04-13 12:27:25.738515	Key.down	pressed
2023-04-13 12:27:25.830056	Key.right	released
2023-04-13 12:27:25.935215	Key.left	pressed
2023-04-13 12:27:26.504672	Key.down	released
2023-04-13 12:27:26.530532	Key.left	pressed
2023-04-13 12:27:27.397969	Key.left	released
2023-04-13 12:27:27.924346	Key.left	pressed
2023-04-13 12:27:28.074025	Key.left	released
2023-04-13 12:27:28.077576	Key.up	pressed
2023-04-13 12:27:28.174138	Key.up	released
2023-04-13 12:27:28.178745	Key.left	pressed
2023-04-13 12:27:28.448840	Key.down	pressed
2023-04-13 12:27:28.577755	Key.left	released
2023-04-13 12:27:28.955213	Key.down	pressed
2023-04-13 12:27:29.033394	Key.left	pressed
2023-04-13 12:27:29.692623	Key.down	released
2023-04-13 12:27:29.720625	Key.left	pressed
2023-04-13 12:27:29.947662	Key.up	pressed
2023-04-13 12:27:30.260554	Key.up	released
2023-04-13 12:27:31.032893	Key.left	released
2023-04-13 12:27:32.725030	Key.right	pressed
2023-04-13 12:27:33.261310	Key.right	released
2023-04-13 12:27:33.317606	Key.left	pressed
2023-04-13 12:27:33.976617	Key.left	released
2023-04-13 12:27:33.980637	Key.right	pressed
2023-04-13 12:27:34.668493	Key.up	pressed
2023-04-13 12:27:34.848382	Key.up	released
2023-04-13 12:27:35.632610	Key.up	pressed
2023-04-13 12:27:36.001300	Key.up	released
2023-04-13 12:27:36.070141	Key.up	pressed
2023-04-13 12:27:36.414562	Key.up	released
2023-04-13 12:27:36.429926	Key.right	released
2023-04-13 12:27:36.480898	z	pressed
2023-04-13 12:27:36.607288	z	released
2023-04-13 12:27:37.000527	z	pressed
2023-04-13 12:27:37.086799	z	released
2023-04-13 12:27:42.448274	Key.right	pressed
2023-04-13 12:27:42.867425	Key.shift	pressed
2023-04-13 12:27:43.057536	Key.shift	released
2023-04-13 12:27:43.348255	Key.shift	pressed
2023-04-13 12:27:43.511524	Key.shift	released
2023-04-13 12:27:43.845730	Key.shift	pressed
2023-04-13 12:27:44.040923	Key.shift	released
2023-04-13 12:27:44.508819	Key.right	released
2023-04-13 12:27:44.553839	c	pressed
2023-04-13 12:27:44.578589	Key.left	pressed
2023-04-13 12:27:44.645706	c	released
2023-04-13 12:27:44.686203	Key.left	released
2023-04-13 12:27:44.799108	Key.right	pressed
2023-04-13 12:27:45.874926	z	pressed
2023-04-13 12:27:46.070950	z	released
2023-04-13 12:27:46.415850	Key.shift	pressed
2023-04-13 12:27:46.497086	Key.shift	released
2023-04-13 12:27:46.530983	Key.right	released
2023-04-13 12:27:46.593860	Key.left	pressed
2023-04-13 12:27:46.781622	Key.right	pressed
2023-04-13 12:27:46.803684	Key.left	released
2023-04-13 12:27:47.095359	Key.right	released
2023-04-13 12:27:47.150437	Key.left	pressed
2023-04-13 12:27:47.293504	Key.left	released
2023-04-13 12:27:47.296162	Key.right	pressed
2023-04-13 12:27:47.674940	z	pressed
2023-04-13 12:27:47.690118	Key.right	released
2023-04-13 12:27:47.790572	z	released
2023-04-13 12:27:47.951543	Key.right	pressed
2023-04-13 12:27:48.032383	z	pressed
2023-04-13 12:27:48.297786	z	released
2023-04-13 12:27:48.390267	Key.right	released
2023-04-13 12:27:48.391986	Key.left	pressed
2023-04-13 12:27:48.491848	z	pressed
2023-04-13 12:27:48.587377	Key.left	released
2023-04-13 12:27:48.592203	Key.right	pressed
2023-04-13 12:27:48.674744	z	released
2023-04-13 12:27:48.701100	Key.right	released
2023-04-13 12:27:48.761733	Key.left	pressed
2023-04-13 12:27:49.497138	z	pressed
2023-04-13 12:27:49.607441	z	released
2023-04-13 12:27:49.681766	z	pressed
2023-04-13 12:27:49.766391	Key.left	released
2023-04-13 12:27:49.817273	z	released
2023-04-13 12:27:49.920180	Key.left	pressed
2023-04-13 12:27:50.057353	z	pressed
2023-04-13 12:27:50.185841	z	released
2023-04-13 12:27:50.271373	Key.left	released
2023-04-13 12:27:50.291019	Key.right	pressed
2023-04-13 12:27:50.547819	Key.right	released
2023-04-13 12:27:50.548320	Key.esc	pressed
2023-04-13 12:27:50.713280	Key.esc	released
2023-04-13 12:27:51.090856	Key.down	pressed
2023-04-13 12:27:51.183287	Key.down	released
2023-04-13 12:27:51.645616	z	pressed
2023-04-13 12:27:51.742836	z	released
2023-04-13 12:27:53.743240	Key.right	pressed
2023-04-13 12:27:53.875875	Key.shift	pressed
2023-04-13 12:27:54.003737	Key.shift	released
2023-04-13 12:27:54.336731	Key.shift	pressed
2023-04-13 12:27:54.463622	Key.shift	released
2023-04-13 12:27:54.782459	Key.shift	pressed
2023-04-13 12:27:54.921916	Key.shift	released
2023-04-13 12:27:55.303369	Key.shift	pressed
2023-04-13 12:27:55.441966	Key.shift	released
2023-04-13 12:27:56.297404	z	pressed
2023-04-13 12:27:56.393584	z	released
2023-04-13 12:27:56.464821	Key.shift	pressed
2023-04-13 12:27:56.608898	Key.shift	released
2023-04-13 12:27:57.100467	Key.right	released
2023-04-13 12:27:57.148172	Key.left	pressed
2023-04-13 12:27:57.195496	Key.left	released
2023-04-13 12:27:57.225614	Key.right	pressed
2023-04-13 12:27:57.288619	Key.right	released
2023-04-13 12:27:57.491896	Key.left	pressed
2023-04-13 12:27:57.555060	Key.left	released
2023-04-13 12:27:57.558133	Key.right	pressed
2023-04-13 12:27:57.629548	Key.right	released
2023-04-13 12:27:57.643901	Key.left	pressed
2023-04-13 12:27:57.715221	Key.left	released
2023-04-13 12:27:57.732840	Key.right	pressed
2023-04-13 12:27:58.084931	Key.shift	pressed
2023-04-13 12:27:58.214417	Key.shift	released
2023-04-13 12:27:58.359685	Key.right	released
2023-04-13 12:27:58.362149	Key.left	pressed
2023-04-13 12:27:58.516739	Key.left	released
2023-04-13 12:27:58.521923	Key.right	pressed
2023-04-13 12:27:58.616410	z	pressed
2023-04-13 12:27:58.734549	z	released
2023-04-13 12:27:59.059030	Key.shift	pressed
2023-04-13 12:27:59.272712	Key.shift	released
2023-04-13 12:27:59.595709	Key.shift	pressed
2023-04-13 12:27:59.737088	Key.shift	released
2023-04-13 12:28:00.062876	Key.left	pressed
2023-04-13 12:28:00.105239	Key.right	released
2023-04-13 12:28:00.145499	Key.right	pressed
2023-04-13 12:28:00.163931	Key.left	released
2023-04-13 12:28:00.291263	Key.right	released
2023-04-13 12:28:00.381121	Key.right	pressed
2023-04-13 12:28:00.401805	z	pressed
2023-04-13 12:28:00.559594	z	released
2023-04-13 12:28:00.591444	Key.shift	pressed
2023-04-13 12:28:00.777785	Key.shift	released
2023-04-13 12:28:01.238006	Key.right	released
2023-04-13 12:28:01.317821	Key.left	pressed
2023-04-13 12:28:01.362025	z	pressed
2023-04-13 12:28:01.493613	z	released
2023-04-13 12:28:01.645922	z	pressed
2023-04-13 12:28:01.802223	Key.right	pressed
2023-04-13 12:28:01.828432	z	released
2023-04-13 12:28:01.846604	Key.left	released
2023-04-13 12:28:02.306613	Key.right	pressed
2023-04-13 12:28:02.446368	Key.right	released
2023-04-13 12:28:02.524570	Key.right	pressed
2023-04-13 12:28:02.645289	Key.right	released
2023-04-13 12:28:02.746799	Key.right	pressed
2023-04-13 12:28:02.748811	z	pressed
2023-04-13 12:28:02.873394	z	released
2023-04-13 12:28:03.292137	Key.shift	pressed
2023-04-13 12:28:03.411812	Key.shift	released
2023-04-13 12:28:03.836402	Key.shift	pressed
2023-04-13 12:28:03.973617	Key.shift	released
2023-04-13 12:28:04.181982	Key.right	released
2023-04-13 12:28:04.196912	Key.left	pressed
2023-04-13 12:28:04.740312	Key.left	released
2023-04-13 12:28:04.741980	Key.right	pressed
2023-04-13 12:28:04.742851	z	pressed
2023-04-13 12:28:04.866578	z	released
2023-04-13 12:28:04.998109	z	pressed
2023-04-13 12:28:05.154077	z	released
2023-04-13 12:28:05.479610	Key.shift	pressed
2023-04-13 12:28:05.614078	Key.shift	released
2023-04-13 12:28:06.147146	Key.right	released
2023-04-13 12:28:06.152969	Key.left	pressed
2023-04-13 12:28:06.262125	Key.left	released
2023-04-13 12:28:06.263294	Key.right	pressed
2023-04-13 12:28:06.354753	Key.right	released
2023-04-13 12:28:06.357491	Key.left	pressed
2023-04-13 12:28:06.430147	Key.left	released
2023-04-13 12:28:06.444675	Key.right	pressed
2023-04-13 12:28:06.521900	Key.right	released
2023-04-13 12:28:06.550284	Key.left	pressed
2023-04-13 12:28:06.646925	Key.left	released
2023-04-13 12:28:06.664992	Key.right	pressed
2023-04-13 12:28:06.770154	z	pressed
2023-04-13 12:28:06.863245	z	released
2023-04-13 12:28:07.226758	Key.shift	pressed
2023-04-13 12:28:07.367220	Key.shift	released
2023-04-13 12:28:07.898847	Key.shift	pressed
2023-04-13 12:28:08.026466	Key.shift	released
2023-04-13 12:28:09.555650	z	pressed
2023-04-13 12:28:09.610923	z	released
2023-04-13 12:28:11.278961	Key.right	released
2023-04-13 12:28:11.413769	Key.left	pressed
2023-04-13 12:28:11.462530	z	pressed
2023-04-13 12:28:11.608109	z	released
2023-04-13 12:28:11.663367	Key.left	released
2023-04-13 12:28:11.709149	z	pressed
2023-04-13 12:28:11.747251	Key.right	pressed
2023-04-13 12:28:11.913893	z	released
2023-04-13 12:28:12.025141	Key.right	released
2023-04-13 12:28:12.030376	Key.left	pressed
2023-04-13 12:28:12.160299	Key.left	released
2023-04-13 12:28:12.162321	Key.right	pressed
2023-04-13 12:28:12.796330	Key.right	released
2023-04-13 12:28:13.120350	Key.right	pressed
2023-04-13 12:28:13.133372	z	pressed
2023-04-13 12:28:13.250650	z	released
2023-04-13 12:28:13.486614	Key.shift	pressed
2023-04-13 12:28:13.622448	Key.shift	released
2023-04-13 12:28:14.104500	z	pressed
2023-04-13 12:28:14.232720	z	released
2023-04-13 12:28:14.292607	Key.shift	pressed
2023-04-13 12:28:14.437763	Key.shift	released
2023-04-13 12:28:14.882049	Key.shift	pressed
2023-04-13 12:28:14.992100	Key.shift	released
2023-04-13 12:28:15.528936	z	pressed
2023-04-13 12:28:15.719900	z	released
2023-04-13 12:28:15.752808	Key.shift	pressed
2023-04-13 12:28:15.992761	Key.shift	released
2023-04-13 12:28:16.390932	Key.right	released
2023-04-13 12:28:16.408977	Key.left	pressed
2023-04-13 12:28:16.661952	Key.left	released
2023-04-13 12:28:16.736299	Key.right	pressed
2023-04-13 12:28:16.758468	Key.right	released
2023-04-13 12:28:16.772465	Key.left	pressed
2023-04-13 12:28:16.914003	Key.up	pressed
2023-04-13 12:28:16.930529	Key.left	released
2023-04-13 12:28:16.978422	x	pressed
2023-04-13 12:28:17.172837	Key.up	released
2023-04-13 12:28:17.176516	x	released
2023-04-13 12:28:17.257073	z	pressed
2023-04-13 12:28:17.497170	z	released
2023-04-13 12:28:18.619210	z	pressed
2023-04-13 12:28:18.637742	Key.right	pressed
2023-04-13 12:28:18.808075	z	released
2023-04-13 12:28:19.000126	Key.right	released
2023-04-13 12:28:19.185616	Key.left	pressed
2023-04-13 12:28:19.403061	Key.left	released
2023-04-13 12:28:19.464900	Key.right	pressed
2023-04-13 12:28:19.887240	Key.right	released
2023-04-13 12:28:19.978352	Key.left	pressed
2023-04-13 12:28:20.093807	Key.left	released
2023-04-13 12:28:20.165497	Key.right	pressed
2023-04-13 12:28:20.233867	z	pressed
2023-04-13 12:28:20.286755	Key.right	released
2023-04-13 12:28:20.448707	z	released
2023-04-13 12:28:20.715104	Key.right	pressed
2023-04-13 12:28:20.767719	z	pressed
2023-04-13 12:28:20.900463	z	released
2023-04-13 12:28:20.992613	Key.shift	pressed
2023-04-13 12:28:21.137682	Key.shift	released
2023-04-13 12:28:21.575898	Key.right	released
2023-04-13 12:28:21.578199	Key.left	pressed
2023-04-13 12:28:21.701641	Key.left	released
2023-04-13 12:28:21.706546	Key.up	pressed
2023-04-13 12:28:21.815336	x	pressed
2023-04-13 12:28:22.046349	Key.up	released
2023-04-13 12:28:22.049423	Key.right	pressed
2023-04-13 12:28:22.059250	x	released
2023-04-13 12:28:22.142297	Key.up	pressed
2023-04-13 12:28:22.212992	Key.right	released
2023-04-13 12:28:22.261911	x	pressed
2023-04-13 12:28:22.554590	x	released
2023-04-13 12:28:22.570160	Key.up	released
2023-04-13 12:28:22.590313	Key.left	pressed
2023-04-13 12:28:22.733214	z	pressed
2023-04-13 12:28:22.759670	Key.left	released
2023-04-13 12:28:22.904110	z	released
2023-04-13 12:28:22.908393	Key.right	pressed
2023-04-13 12:28:23.033491	Key.right	released
2023-04-13 12:28:23.359281	Key.left	pressed
2023-04-13 12:28:23.508929	z	pressed
2023-04-13 12:28:23.624317	z	released
2023-04-13 12:28:23.689290	Key.shift	pressed
2023-04-13 12:28:23.874584	Key.shift	released
2023-04-13 12:28:24.176983	Key.left	released
2023-04-13 12:28:24.177760	Key.right	pressed
2023-04-13 12:28:24.298343	Key.right	released
2023-04-13 12:28:24.366695	Key.left	pressed
2023-04-13 12:28:24.468585	Key.left	released
2023-04-13 12:28:24.470869	Key.right	pressed
2023-04-13 12:28:24.566224	Key.right	released
2023-04-13 12:28:24.591301	Key.left	pressed
2023-04-13 12:28:24.670935	Key.left	released
2023-04-13 12:28:24.672778	Key.right	pressed
2023-04-13 12:28:24.727199	Key.right	released
2023-04-13 12:28:24.761512	Key.left	pressed
2023-04-13 12:28:24.842827	Key.left	released
2023-04-13 12:28:24.844265	Key.right	pressed
2023-04-13 12:28:24.925774	Key.right	released
2023-04-13 12:28:24.952751	Key.left	pressed
2023-04-13 12:28:25.009401	Key.left	released
2023-04-13 12:28:25.013811	Key.right	pressed
2023-04-13 12:28:25.257363	Key.right	released
2023-04-13 12:28:25.418231	Key.left	pressed
2023-04-13 12:28:25.498330	Key.left	released
2023-04-13 12:28:25.808659	Key.left	pressed
2023-04-13 12:28:25.900487	Key.left	released
2023-04-13 12:28:26.243491	z	pressed
2023-04-13 12:28:26.359892	Key.left	pressed
2023-04-13 12:28:26.576950	z	released
2023-04-13 12:28:26.696806	Key.left	released
2023-04-13 12:28:26.757070	Key.right	pressed
2023-04-13 12:28:26.858635	Key.right	released
2023-04-13 12:28:26.904353	Key.left	pressed
2023-04-13 12:28:27.029516	Key.left	released
2023-04-13 12:28:27.397548	Key.right	pressed
2023-04-13 12:28:27.624282	z	pressed
2023-04-13 12:28:27.958004	z	released
2023-04-13 12:28:28.069774	Key.shift	pressed
2023-04-13 12:28:28.191105	Key.shift	released
2023-04-13 12:28:28.325748	Key.right	released
2023-04-13 12:28:28.330234	Key.left	pressed
2023-04-13 12:28:28.446718	Key.left	released
2023-04-13 12:28:28.452155	Key.right	pressed
2023-04-13 12:28:28.808836	Key.right	released
2023-04-13 12:28:28.909641	Key.left	pressed
2023-04-13 12:28:29.204757	z	pressed
2023-04-13 12:28:29.355062	z	released
2023-04-13 12:28:29.594793	Key.shift	pressed
2023-04-13 12:28:29.894866	Key.shift	released
2023-04-13 12:28:30.176470	Key.up	pressed
2023-04-13 12:28:30.214465	Key.left	released
2023-04-13 12:28:30.284934	x	pressed
2023-04-13 12:28:30.658998	Key.up	released
2023-04-13 12:28:30.660869	x	released
2023-04-13 12:28:30.755060	Key.right	pressed
2023-04-13 12:28:30.815562	z	pressed
2023-04-13 12:28:31.073884	Key.right	released
2023-04-13 12:28:31.112534	z	released
2023-04-13 12:28:31.332571	Key.left	pressed
2023-04-13 12:28:31.347734	z	pressed
2023-04-13 12:28:31.564879	z	released
2023-04-13 12:28:31.642585	Key.left	released
2023-04-13 12:28:31.657729	Key.right	pressed
2023-04-13 12:28:31.788394	Key.right	released
2023-04-13 12:28:31.874527	Key.right	pressed
2023-04-13 12:28:31.964312	Key.right	released
2023-04-13 12:28:32.090885	Key.left	pressed
2023-04-13 12:28:32.135097	Key.left	released
2023-04-13 12:28:32.216168	Key.right	pressed
2023-04-13 12:28:32.302445	Key.right	released
2023-04-13 12:28:32.463189	Key.left	pressed
2023-04-13 12:28:32.506442	z	pressed
2023-04-13 12:28:32.604423	Key.left	released
2023-04-13 12:28:32.607563	z	released
2023-04-13 12:28:32.610431	Key.right	pressed
2023-04-13 12:28:32.759823	z	pressed
2023-04-13 12:28:32.947160	z	released
2023-04-13 12:28:33.189058	Key.right	released
2023-04-13 12:28:33.214133	Key.left	pressed
2023-04-13 12:28:33.813073	Key.left	released
2023-04-13 12:28:33.835279	Key.left	pressed
2023-04-13 12:28:34.006097	Key.left	released
2023-04-13 12:28:34.107421	Key.right	pressed
2023-04-13 12:28:34.265274	z	pressed
2023-04-13 12:28:34.455275	z	released
2023-04-13 12:28:34.500347	Key.right	released
2023-04-13 12:28:34.539507	Key.left	pressed
2023-04-13 12:28:34.957691	Key.right	pressed
2023-04-13 12:28:34.978964	Key.left	released
2023-04-13 12:28:35.097053	Key.up	pressed
2023-04-13 12:28:35.121709	Key.right	released
2023-04-13 12:28:35.124625	x	pressed
2023-04-13 12:28:35.462953	Key.up	released
2023-04-13 12:28:35.467494	x	released
2023-04-13 12:28:35.517033	Key.right	pressed
2023-04-13 12:28:35.625815	z	pressed
2023-04-13 12:28:35.795890	z	released
2023-04-13 12:28:36.061557	Key.right	released
2023-04-13 12:28:36.854588	Key.left	pressed
2023-04-13 12:28:36.906912	z	pressed
2023-04-13 12:28:37.376980	z	released
2023-04-13 12:28:37.502245	Key.left	released
2023-04-13 12:28:37.553829	Key.right	pressed
2023-04-13 12:28:37.746119	Key.right	released
2023-04-13 12:28:37.949345	z	pressed
2023-04-13 12:28:37.979646	Key.right	pressed
2023-04-13 12:28:38.348473	z	released
2023-04-13 12:28:38.407074	Key.right	released
2023-04-13 12:28:38.809995	z	pressed
2023-04-13 12:28:38.908517	z	released
2023-04-13 12:28:40.474647	Key.right	pressed
2023-04-13 12:28:40.477029	z	pressed
2023-04-13 12:28:40.982535	Key.right	released
2023-04-13 12:28:40.984022	z	released
2023-04-13 12:28:41.149160	Key.left	pressed
2023-04-13 12:28:41.223792	Key.left	released
2023-04-13 12:28:41.273893	Key.right	pressed
2023-04-13 12:28:41.349945	Key.right	released
2023-04-13 12:28:41.431388	Key.left	pressed
2023-04-13 12:28:41.587455	Key.left	released
2023-04-13 12:28:41.589626	z	pressed
2023-04-13 12:28:41.606362	Key.right	pressed
2023-04-13 12:28:41.749016	z	released
2023-04-13 12:28:42.036182	Key.right	released
2023-04-13 12:28:42.079716	Key.left	pressed
2023-04-13 12:28:42.123730	z	pressed
2023-04-13 12:28:42.259219	z	released
2023-04-13 12:28:42.328333	Key.shift	pressed
2023-04-13 12:28:42.499218	Key.shift	released
2023-04-13 12:28:42.926856	Key.left	released
2023-04-13 12:28:43.018277	z	pressed
2023-04-13 12:28:43.237281	z	released
2023-04-13 12:28:43.573252	Key.left	pressed
2023-04-13 12:28:43.575407	z	pressed
2023-04-13 12:28:43.749427	z	released
2023-04-13 12:28:43.794909	Key.left	released
2023-04-13 12:28:43.839921	Key.right	pressed
2023-04-13 12:28:44.176574	Key.right	released
2023-04-13 12:28:44.358893	Key.right	pressed
2023-04-13 12:28:44.395189	z	pressed
2023-04-13 12:28:44.536164	z	released
2023-04-13 12:28:44.566691	Key.right	released
2023-04-13 12:28:44.674204	Key.left	pressed
2023-04-13 12:28:44.984958	Key.left	released
2023-04-13 12:28:44.985959	Key.right	pressed
2023-04-13 12:28:45.099870	Key.right	released
2023-04-13 12:28:45.100871	x	pressed
2023-04-13 12:28:46.275887	x	released
2023-04-13 12:28:46.485486	Key.right	pressed
2023-04-13 12:28:46.566497	z	pressed
2023-04-13 12:28:46.839556	z	released
2023-04-13 12:28:47.343185	z	pressed
2023-04-13 12:28:47.490976	z	released
2023-04-13 12:28:47.603946	Key.shift	pressed
2023-04-13 12:28:47.721296	Key.shift	released
2023-04-13 12:28:48.823954	z	pressed
2023-04-13 12:28:49.041943	z	released
2023-04-13 12:28:49.607842	z	pressed
2023-04-13 12:28:49.781975	z	released
2023-04-13 12:28:49.877812	Key.shift	pressed
2023-04-13 12:28:50.055720	Key.shift	released
2023-04-13 12:28:50.306768	Key.right	released
2023-04-13 12:28:50.392416	Key.right	pressed
2023-04-13 12:28:50.423519	Key.right	released
2023-04-13 12:28:50.514110	Key.right	pressed
2023-04-13 12:28:50.625363	z	pressed
2023-04-13 12:28:50.782012	z	released
2023-04-13 12:28:50.846497	Key.shift	pressed
2023-04-13 12:28:51.043706	Key.shift	released
2023-04-13 12:28:51.915564	Key.right	released
2023-04-13 12:28:52.116267	Key.right	pressed
2023-04-13 12:28:52.147685	z	pressed
2023-04-13 12:28:52.339903	z	released
2023-04-13 12:28:52.408529	Key.shift	pressed
2023-04-13 12:28:52.555844	Key.shift	released
2023-04-13 12:28:52.606542	Key.right	released
2023-04-13 12:28:52.685165	Key.left	pressed
2023-04-13 12:28:52.909177	Key.left	released
2023-04-13 12:28:52.983187	Key.left	pressed
2023-04-13 12:28:53.106169	Key.left	released
2023-04-13 12:28:53.124790	Key.right	pressed
2023-04-13 12:28:53.253239	z	pressed
2023-04-13 12:28:53.397513	z	released
2023-04-13 12:28:53.568366	Key.right	released
2023-04-13 12:28:53.668722	Key.right	pressed
2023-04-13 12:28:53.916008	z	pressed
2023-04-13 12:28:54.032427	z	released
2023-04-13 12:28:54.344593	Key.right	released
2023-04-13 12:28:54.424850	Key.right	pressed
2023-04-13 12:28:54.610268	z	pressed
2023-04-13 12:28:54.774264	z	released
2023-04-13 12:28:55.058950	Key.shift	pressed
2023-04-13 12:28:55.114655	Key.shift	released
2023-04-13 12:28:55.131410	Key.right	released
2023-04-13 12:28:55.360035	Key.left	pressed
2023-04-13 12:28:55.615808	Key.left	released
2023-04-13 12:28:55.671993	Key.right	pressed
2023-04-13 12:28:55.793086	Key.right	released
2023-04-13 12:28:56.310378	Key.right	pressed
2023-04-13 12:28:56.312442	z	pressed
2023-04-13 12:28:56.457307	z	released
2023-04-13 12:28:56.860101	Key.right	released
2023-04-13 12:28:57.141239	Key.right	pressed
2023-04-13 12:28:57.280584	z	pressed
2023-04-13 12:28:57.407335	z	released
2023-04-13 12:28:57.538259	Key.shift	pressed
2023-04-13 12:28:57.634875	Key.shift	released
2023-04-13 12:28:57.692138	Key.right	released
2023-04-13 12:28:57.807568	Key.left	pressed
2023-04-13 12:28:57.907824	Key.left	released
2023-04-13 12:28:57.924471	Key.right	pressed
2023-04-13 12:28:58.068074	z	pressed
2023-04-13 12:28:58.261166	z	released
2023-04-13 12:28:58.667938	z	pressed
2023-04-13 12:28:58.872896	z	released
2023-04-13 12:28:59.307792	z	pressed
2023-04-13 12:28:59.392874	z	released
2023-04-13 12:28:59.713049	Key.right	released
2023-04-13 12:28:59.815546	Key.right	pressed
2023-04-13 12:29:00.013408	z	pressed
2023-04-13 12:29:00.140126	z	released
2023-04-13 12:29:00.758849	z	pressed
2023-04-13 12:29:00.917725	z	released
2023-04-13 12:29:01.558873	z	pressed
2023-04-13 12:29:01.692820	z	released
2023-04-13 12:29:02.340038	z	pressed
2023-04-13 12:29:02.596067	z	released
2023-04-13 12:29:02.966057	z	pressed
2023-04-13 12:29:03.106822	z	released
2023-04-13 12:29:03.903838	Key.right	released
2023-04-13 12:29:04.647456	v	pressed
2023-04-13 12:29:04.769783	v	released
2023-04-13 12:29:04.947260	Key.right	pressed
2023-04-13 12:29:05.192950	Key.right	released
2023-04-13 12:29:05.287115	Key.right	pressed
2023-04-13 12:29:05.475058	Key.right	released
2023-04-13 12:29:05.511688	x	pressed
2023-04-13 12:29:05.968335	Key.left	pressed
2023-04-13 12:29:06.031797	z	pressed
2023-04-13 12:29:06.342049	z	released
2023-04-13 12:29:06.442423	Key.right	pressed
2023-04-13 12:29:06.474732	Key.left	released
2023-04-13 12:29:06.539015	Key.right	released
2023-04-13 12:29:06.944824	v	pressed
2023-04-13 12:29:07.027101	v	released
2023-04-13 12:29:07.531096	Key.left	pressed
2023-04-13 12:29:07.674821	z	pressed
2023-04-13 12:29:07.732236	Key.right	pressed
2023-04-13 12:29:07.778920	Key.left	released
2023-04-13 12:29:07.858444	z	released
2023-04-13 12:29:08.237099	Key.right	pressed
2023-04-13 12:29:08.348147	Key.right	released
2023-04-13 12:29:08.412817	Key.left	pressed
2023-04-13 12:29:08.661322	Key.left	released
2023-04-13 12:29:08.691378	Key.right	pressed
2023-04-13 12:29:08.802454	Key.right	released
2023-04-13 12:29:08.840703	z	pressed
2023-04-13 12:29:08.858079	z	released
2023-04-13 12:29:09.017256	v	pressed
2023-04-13 12:29:09.098696	v	released
2023-04-13 12:29:09.799504	Key.right	pressed
2023-04-13 12:29:09.886777	Key.right	released
2023-04-13 12:29:10.414975	Key.left	pressed
2023-04-13 12:29:10.509511	Key.left	released
2023-04-13 12:29:10.662650	Key.right	pressed
2023-04-13 12:29:10.711977	Key.right	released
2023-04-13 12:29:10.803652	Key.right	pressed
2023-04-13 12:29:10.842755	Key.right	released
2023-04-13 12:29:10.879468	Key.left	pressed
2023-04-13 12:29:10.982781	Key.left	released
2023-04-13 12:29:10.984780	Key.right	pressed
2023-04-13 12:29:11.043460	Key.right	released
2023-04-13 12:29:11.190956	Key.left	pressed
2023-04-13 12:29:11.313059	Key.left	released
2023-04-13 12:29:11.366973	Key.right	pressed
2023-04-13 12:29:11.438514	Key.right	released
2023-04-13 12:29:11.483874	v	pressed
2023-04-13 12:29:11.567920	v	released
2023-04-13 12:29:12.328768	v	pressed
2023-04-13 12:29:12.435229	v	released
2023-04-13 12:29:12.707703	Key.right	pressed
2023-04-13 12:29:12.833298	Key.right	released
2023-04-13 12:29:12.879962	Key.right	pressed
2023-04-13 12:29:13.157768	Key.right	released
2023-04-13 12:29:13.308636	Key.left	pressed
2023-04-13 12:29:13.435550	Key.left	released
2023-04-13 12:29:13.503469	Key.right	pressed
2023-04-13 12:29:13.642329	Key.right	released
2023-04-13 12:29:13.730927	Key.left	pressed
2023-04-13 12:29:13.806234	Key.left	released
2023-04-13 12:29:13.876517	Key.right	pressed
2023-04-13 12:29:13.966609	Key.right	released
2023-04-13 12:29:14.396642	v	pressed
2023-04-13 12:29:14.517523	v	released
2023-04-13 12:29:15.781304	Key.left	pressed
2023-04-13 12:29:15.890514	Key.left	released
2023-04-13 12:29:15.959532	Key.left	pressed
2023-04-13 12:29:16.009958	Key.left	released
2023-04-13 12:29:16.033594	Key.right	pressed
2023-04-13 12:29:16.130330	Key.right	released
2023-04-13 12:29:16.676426	Key.left	pressed
2023-04-13 12:29:16.864180	z	pressed
2023-04-13 12:29:17.125811	z	released
2023-04-13 12:29:17.451918	Key.left	released
2023-04-13 12:29:17.495666	Key.right	pressed
2023-04-13 12:29:17.607022	z	pressed
2023-04-13 12:29:17.644637	Key.right	released
2023-04-13 12:29:17.683692	Key.right	pressed
2023-04-13 12:29:17.725273	z	released
2023-04-13 12:29:17.739087	Key.right	released
2023-04-13 12:29:20.208166	Key.right	pressed
2023-04-13 12:29:20.209728	z	pressed
2023-04-13 12:29:20.349243	z	released
2023-04-13 12:29:20.420408	Key.shift	pressed
2023-04-13 12:29:20.520351	Key.shift	released
2023-04-13 12:29:20.765005	Key.right	released
2023-04-13 12:29:20.796167	Key.left	pressed
2023-04-13 12:29:20.894356	Key.left	released
2023-04-13 12:29:20.919908	Key.right	pressed
2023-04-13 12:29:21.031463	Key.right	released
2023-04-13 12:29:21.123213	Key.right	pressed
2023-04-13 12:29:21.174519	Key.right	released
2023-04-13 12:29:21.282348	Key.right	pressed
2023-04-13 12:29:21.325274	Key.right	released
2023-04-13 12:29:23.596271	Key.right	pressed
2023-04-13 12:29:23.615081	z	pressed
2023-04-13 12:29:23.863538	z	released
2023-04-13 12:29:24.162786	Key.shift	pressed
2023-04-13 12:29:24.308257	Key.shift	released
2023-04-13 12:29:24.886950	Key.right	released
2023-04-13 12:29:24.912502	Key.left	pressed
2023-04-13 12:29:25.010068	Key.left	released
2023-04-13 12:29:25.034236	Key.right	pressed
2023-04-13 12:29:25.133637	Key.right	released
2023-04-13 12:29:25.250476	Key.right	pressed
2023-04-13 12:29:25.435643	Key.shift	pressed
2023-04-13 12:29:25.568230	Key.shift	released
2023-04-13 12:29:26.053030	x	released
2023-04-13 12:29:26.076953	Key.right	released
2023-04-13 12:29:33.142573	Key.shift	pressed
2023-04-13 12:29:33.276309	Key.shift	released
2023-04-13 12:29:33.527513	Key.shift	pressed
2023-04-13 12:29:33.651285	Key.shift	released
2023-04-13 12:29:33.945325	Key.shift	pressed
2023-04-13 12:29:34.099753	Key.shift	released
2023-04-13 12:29:34.565306	Key.shift	pressed
2023-04-13 12:29:34.705949	Key.shift	released
2023-04-13 12:29:35.218658	Key.shift	pressed
2023-04-13 12:29:35.359049	Key.shift	released
2023-04-13 12:29:35.569102	Key.shift	pressed
2023-04-13 12:29:35.715418	Key.shift	released
2023-04-13 12:29:35.895355	z	pressed
2023-04-13 12:29:36.029320	z	released
2023-04-13 12:29:36.320277	Key.shift	pressed
2023-04-13 12:29:36.441706	Key.shift	released
2023-04-13 12:29:36.442711	z	pressed
2023-04-13 12:29:36.466540	z	released
2023-04-13 12:29:36.550991	z	pressed
2023-04-13 12:29:36.707937	z	released
2023-04-13 12:29:36.914762	z	pressed
2023-04-13 12:29:37.091926	z	released
2023-04-13 12:29:37.278028	z	pressed
2023-04-13 12:29:37.419009	z	released
2023-04-13 12:29:37.529372	z	pressed
2023-04-13 12:29:37.687180	z	released
2023-04-13 12:29:37.858259	z	pressed
2023-04-13 12:29:38.069631	z	released
2023-04-13 12:29:38.249060	z	pressed
2023-04-13 12:29:38.374497	z	released
2023-04-13 12:29:38.578616	z	pressed
2023-04-13 12:29:38.748331	z	released
2023-04-13 12:29:38.893780	z	pressed
2023-04-13 12:29:39.037141	z	released
2023-04-13 12:29:39.224145	z	pressed
2023-04-13 12:29:39.357267	z	released
2023-04-13 12:29:39.678004	z	pressed
2023-04-13 12:29:39.864124	z	released
2023-04-13 12:29:40.242703	z	pressed
2023-04-13 12:29:40.324412	z	released
2023-04-13 12:29:40.587263	Key.shift	pressed
2023-04-13 12:29:40.729799	Key.shift	released
2023-04-13 12:29:41.106488	Key.shift	pressed
2023-04-13 12:29:41.240888	Key.shift	released
2023-04-13 12:29:41.381456	z	pressed
2023-04-13 12:29:41.524196	z	released
2023-04-13 12:29:41.736130	Key.shift	pressed
2023-04-13 12:29:41.890217	Key.shift	released
2023-04-13 12:29:42.014600	Key.shift	pressed
2023-04-13 12:29:42.116291	Key.shift	released
2023-04-13 12:29:42.290873	Key.shift	pressed
2023-04-13 12:29:42.387771	Key.shift	released
2023-04-13 12:29:42.625208	Key.shift	pressed
2023-04-13 12:29:42.758409	Key.shift	released
2023-04-13 12:29:42.824831	z	pressed
2023-04-13 12:29:42.928394	z	released
2023-04-13 12:29:46.427603	Key.right	pressed
2023-04-13 12:29:47.767401	Key.down	pressed
2023-04-13 12:29:48.145473	Key.down	released
2023-04-13 12:29:48.480387	Key.right	released
2023-04-13 12:29:48.604225	Key.left	pressed
2023-04-13 12:29:48.741498	Key.left	released
2023-04-13 12:29:48.755657	Key.right	pressed
2023-04-13 12:29:48.876245	Key.up	pressed
2023-04-13 12:29:48.947641	Key.up	released
2023-04-13 12:29:48.953138	Key.right	released
2023-04-13 12:29:49.067303	Key.right	pressed
2023-04-13 12:29:49.228980	Key.down	pressed
2023-04-13 12:29:49.783233	Key.right	released
2023-04-13 12:29:49.787883	Key.left	pressed
2023-04-13 12:29:49.960086	Key.left	released
2023-04-13 12:29:50.050534	Key.right	pressed
2023-04-13 12:29:51.055565	Key.down	released
2023-04-13 12:29:51.069848	Key.right	pressed
2023-04-13 12:29:51.498133	Key.up	pressed
2023-04-13 12:29:52.764180	Key.up	released
2023-04-13 12:29:52.935679	Key.right	released
2023-04-13 12:29:52.973049	z	pressed
2023-04-13 12:29:53.110010	z	released
2023-04-13 12:29:53.591590	z	pressed
2023-04-13 12:29:53.723873	z	released
2023-04-13 12:29:57.818672	Key.right	pressed
2023-04-13 12:29:58.007184	Key.right	released
2023-04-13 12:29:58.054717	Key.left	pressed
2023-04-13 12:29:58.141215	Key.left	released
2023-04-13 12:29:58.167508	Key.right	pressed
2023-04-13 12:29:58.344210	Key.right	released
2023-04-13 12:29:58.469600	Key.right	pressed
2023-04-13 12:29:58.545905	Key.right	released
2023-04-13 12:29:59.603258	Key.right	pressed
2023-04-13 12:30:00.223145	Key.shift	pressed
2023-04-13 12:30:00.369880	Key.shift	released
2023-04-13 12:30:00.534780	x	pressed
2023-04-13 12:30:00.608736	Key.right	released
2023-04-13 12:30:00.625476	c	pressed
2023-04-13 12:30:00.678346	Key.right	pressed
2023-04-13 12:30:00.703096	Key.up	pressed
2023-04-13 12:30:08.247042	Key.right	released
2023-04-13 12:30:08.252975	Key.up	pressed
2023-04-13 12:30:08.280293	Key.up	released
2023-04-13 12:30:08.284211	c	released
2023-04-13 12:30:08.289716	x	released
2023-04-13 12:30:08.290702	Key.left	pressed
2023-04-13 12:30:08.413374	z	pressed
2023-04-13 12:30:08.545225	Key.left	released
2023-04-13 12:30:08.549357	z	released
2023-04-13 12:30:08.551357	Key.right	pressed
2023-04-13 12:30:08.746274	z	pressed
2023-04-13 12:30:08.913825	z	released
2023-04-13 12:30:08.940700	Key.right	released
2023-04-13 12:30:08.943918	Key.left	pressed
2023-04-13 12:30:09.296856	Key.left	released
2023-04-13 12:30:09.362396	Key.right	pressed
2023-04-13 12:30:09.458644	Key.right	released
2023-04-13 12:30:09.491704	Key.left	pressed
2023-04-13 12:30:09.608406	Key.left	released
2023-04-13 12:30:09.610340	Key.right	pressed
2023-04-13 12:30:09.691458	Key.right	released
2023-04-13 12:30:09.775252	Key.right	pressed
2023-04-13 12:30:09.807139	Key.right	released
2023-04-13 12:30:09.892417	x	pressed
2023-04-13 12:30:10.662393	Key.left	pressed
2023-04-13 12:30:10.919607	Key.left	released
2023-04-13 12:30:11.025655	Key.right	pressed
2023-04-13 12:30:11.138675	Key.right	released
2023-04-13 12:30:11.353344	Key.right	pressed
2023-04-13 12:30:11.463571	Key.right	released
2023-04-13 12:30:11.527053	Key.up	pressed
2023-04-13 12:30:11.530017	Key.right	pressed
2023-04-13 12:30:11.551040	c	pressed
2023-04-13 12:30:13.673108	Key.right	released
2023-04-13 12:30:13.683734	c	pressed
2023-04-13 12:30:13.693411	Key.up	released
2023-04-13 12:30:13.696528	Key.left	pressed
2023-04-13 12:30:13.910309	Key.down	pressed
2023-04-13 12:30:14.338496	Key.left	released
2023-04-13 12:30:14.410865	Key.down	pressed
2023-04-13 12:30:14.812727	Key.down	released
2023-04-13 12:30:14.831927	c	released
2023-04-13 12:30:14.912040	x	released
2023-04-13 12:30:14.995280	Key.down	pressed
2023-04-13 12:30:15.299732	x	pressed
2023-04-13 12:30:16.278334	Key.down	released
2023-04-13 12:30:16.286256	x	pressed
2023-04-13 12:30:16.293460	Key.left	pressed
2023-04-13 12:30:16.314397	x	released
2023-04-13 12:30:16.796599	Key.left	pressed
2023-04-13 12:30:16.860077	Key.left	released
2023-04-13 12:30:16.863628	Key.right	pressed
2023-04-13 12:30:16.953431	x	pressed
2023-04-13 12:30:16.969288	Key.right	released
2023-04-13 12:30:17.455827	x	pressed
2023-04-13 12:30:17.573574	Key.right	pressed
2023-04-13 12:30:17.613212	x	released
2023-04-13 12:30:17.915656	Key.up	pressed
2023-04-13 12:30:17.940639	x	pressed
2023-04-13 12:30:18.029539	Key.right	released
2023-04-13 12:30:18.033398	x	released
2023-04-13 12:30:18.037213	c	pressed
2023-04-13 12:30:18.088136	Key.up	released
2023-04-13 12:30:18.090220	Key.left	pressed
2023-04-13 12:30:18.111131	c	released
2023-04-13 12:30:18.572427	Key.left	released
2023-04-13 12:30:18.757000	z	pressed
2023-04-13 12:30:18.913408	z	released
2023-04-13 12:30:19.001533	Key.left	pressed
2023-04-13 12:30:19.127588	Key.right	pressed
2023-04-13 12:30:19.147924	Key.left	released
2023-04-13 12:30:19.203166	Key.right	released
2023-04-13 12:30:19.214364	x	pressed
2023-04-13 12:30:19.495273	x	released
2023-04-13 12:30:19.497997	Key.right	pressed
2023-04-13 12:30:19.633047	z	pressed
2023-04-13 12:30:19.742454	Key.right	released
2023-04-13 12:30:19.834265	z	released
2023-04-13 12:30:19.839230	Key.left	pressed
2023-04-13 12:30:20.004035	Key.left	released
2023-04-13 12:30:20.113144	z	pressed
2023-04-13 12:30:20.131172	Key.left	pressed
2023-04-13 12:30:20.284736	Key.right	pressed
2023-04-13 12:30:20.301746	Key.left	released
2023-04-13 12:30:20.323816	z	released
2023-04-13 12:30:20.547694	Key.right	released
2023-04-13 12:30:20.569516	Key.left	pressed
2023-04-13 12:30:20.776149	Key.left	released
2023-04-13 12:30:20.779063	Key.right	pressed
2023-04-13 12:30:20.846407	x	pressed
2023-04-13 12:30:20.911177	Key.right	released
2023-04-13 12:30:21.210964	c	pressed
2023-04-13 12:30:21.248799	c	released
2023-04-13 12:30:21.359802	Key.right	pressed
2023-04-13 12:30:21.470501	Key.right	released
2023-04-13 12:30:21.626505	Key.right	pressed
2023-04-13 12:30:21.639703	Key.right	released
2023-04-13 12:30:21.759198	Key.right	pressed
2023-04-13 12:30:21.853529	Key.right	released
2023-04-13 12:30:22.048586	x	released
2023-04-13 12:30:22.229967	z	pressed
2023-04-13 12:30:22.300510	Key.right	pressed
2023-04-13 12:30:22.444035	z	released
2023-04-13 12:30:22.473406	Key.right	released
2023-04-13 12:30:22.599404	Key.down	pressed
2023-04-13 12:30:22.637222	Key.down	released
2023-04-13 12:30:22.711693	Key.down	pressed
2023-04-13 12:30:22.782971	c	pressed
2023-04-13 12:30:23.047893	x	pressed
2023-04-13 12:30:23.155067	c	released
2023-04-13 12:30:23.210003	c	pressed
2023-04-13 12:30:23.972442	Key.down	released
2023-04-13 12:30:23.985122	c	pressed
2023-04-13 12:30:24.017294	Key.right	pressed
2023-04-13 12:30:24.076915	Key.right	released
2023-04-13 12:30:24.225067	c	released
2023-04-13 12:30:24.441465	x	released
2023-04-13 12:30:24.455886	Key.left	pressed
2023-04-13 12:30:24.726945	Key.left	released
2023-04-13 12:30:24.757603	Key.right	pressed
2023-04-13 12:30:24.867707	Key.up	pressed
2023-04-13 12:30:24.996370	x	pressed
2023-04-13 12:30:25.107488	Key.up	released
2023-04-13 12:30:25.113353	Key.right	released
2023-04-13 12:30:25.115368	x	released
2023-04-13 12:30:25.239960	z	pressed
2023-04-13 12:30:25.286104	Key.left	pressed
2023-04-13 12:30:25.362107	z	released
2023-04-13 12:30:25.458183	z	pressed
2023-04-13 12:30:25.618093	z	released
2023-04-13 12:30:25.968143	Key.left	released
2023-04-13 12:30:25.972836	Key.right	pressed
2023-04-13 12:30:26.047319	x	pressed
2023-04-13 12:30:26.119338	Key.right	released
2023-04-13 12:30:26.384350	Key.right	pressed
2023-04-13 12:30:26.582756	Key.right	released
2023-04-13 12:30:26.779974	Key.right	pressed
2023-04-13 12:30:26.863705	Key.up	pressed
2023-04-13 12:30:26.958504	c	pressed
2023-04-13 12:30:27.228154	c	released
2023-04-13 12:30:27.360334	c	pressed
2023-04-13 12:30:27.661881	c	released
2023-04-13 12:30:27.777223	v	pressed
2023-04-13 12:30:27.896687	v	released
2023-04-13 12:30:28.000162	c	pressed
2023-04-13 12:30:28.639859	c	released
2023-04-13 12:30:28.755252	v	pressed
2023-04-13 12:30:28.836666	v	released
2023-04-13 12:30:28.909055	c	pressed
2023-04-13 12:30:29.320550	Key.right	released
2023-04-13 12:30:29.325206	Key.left	pressed
2023-04-13 12:30:29.409262	Key.up	released
2023-04-13 12:30:29.803079	c	released
2023-04-13 12:30:29.823972	Key.left	pressed
2023-04-13 12:30:29.825598	x	released
2023-04-13 12:30:29.853746	Key.left	pressed
2023-04-13 12:30:29.914219	z	pressed
2023-04-13 12:30:30.045441	z	released
2023-04-13 12:30:30.498917	Key.left	released
2023-04-13 12:30:30.499915	Key.right	pressed
2023-04-13 12:30:30.566957	x	pressed
2023-04-13 12:30:30.679399	Key.right	released
2023-04-13 12:30:30.913315	x	released
2023-04-13 12:30:30.994439	Key.right	pressed
2023-04-13 12:30:31.063394	z	pressed
2023-04-13 12:30:31.154725	Key.right	released
2023-04-13 12:30:31.173860	z	released
2023-04-13 12:30:31.280019	Key.left	pressed
2023-04-13 12:30:31.366434	Key.left	released
2023-04-13 12:30:31.526902	Key.left	pressed
2023-04-13 12:30:31.528220	z	pressed
2023-04-13 12:30:31.622763	Key.right	pressed
2023-04-13 12:30:31.652693	Key.left	released
2023-04-13 12:30:31.657699	z	released
2023-04-13 12:30:31.865693	Key.right	released
2023-04-13 12:30:31.885846	Key.left	pressed
2023-04-13 12:30:32.074020	Key.left	released
2023-04-13 12:30:32.131065	Key.right	pressed
2023-04-13 12:30:32.218129	Key.right	released
2023-04-13 12:30:32.400622	z	pressed
2023-04-13 12:30:32.415581	Key.right	pressed
2023-04-13 12:30:32.516527	z	released
2023-04-13 12:30:32.629543	Key.shift	pressed
2023-04-13 12:30:32.773173	Key.shift	released
2023-04-13 12:30:32.777398	Key.right	released
2023-04-13 12:30:32.816682	Key.left	pressed
2023-04-13 12:30:33.591069	Key.left	released
2023-04-13 12:30:33.594421	Key.right	pressed
2023-04-13 12:30:33.794895	Key.up	pressed
2023-04-13 12:30:33.914051	c	pressed
2023-04-13 12:30:33.915525	x	pressed
2023-04-13 12:30:34.276689	c	released
2023-04-13 12:30:34.278993	x	released
2023-04-13 12:30:34.352811	x	pressed
2023-04-13 12:30:34.370636	c	pressed
2023-04-13 12:30:34.562152	c	released
2023-04-13 12:30:34.643853	v	pressed
2023-04-13 12:30:34.748414	v	released
2023-04-13 12:30:34.895579	Key.right	released
2023-04-13 12:30:34.913862	Key.up	released
2023-04-13 12:30:34.961703	Key.up	pressed
2023-04-13 12:30:34.965124	Key.right	pressed
2023-04-13 12:30:35.008573	Key.right	released
2023-04-13 12:30:35.031496	Key.up	released
2023-04-13 12:30:35.055899	Key.left	pressed
2023-04-13 12:30:35.072439	Key.left	released
2023-04-13 12:30:35.222753	Key.right	pressed
2023-04-13 12:30:35.242331	z	pressed
2023-04-13 12:30:35.309279	Key.left	pressed
2023-04-13 12:30:35.394431	Key.right	released
2023-04-13 12:30:35.438981	z	released
2023-04-13 12:30:35.781278	Key.right	pressed
2023-04-13 12:30:35.808479	Key.left	released
2023-04-13 12:30:35.861984	Key.up	pressed
2023-04-13 12:30:36.059189	Key.right	released
2023-04-13 12:30:36.099946	Key.up	released
2023-04-13 12:30:36.104171	Key.left	pressed
2023-04-13 12:30:36.323570	z	pressed
2023-04-13 12:30:36.346084	Key.left	released
2023-04-13 12:30:36.348108	Key.right	pressed
2023-04-13 12:30:36.431266	z	released
2023-04-13 12:30:36.458972	Key.right	released
2023-04-13 12:30:36.469728	Key.right	pressed
2023-04-13 12:30:36.608517	Key.right	released
2023-04-13 12:30:36.644318	Key.right	pressed
2023-04-13 12:30:36.724160	Key.right	released
2023-04-13 12:30:36.941535	Key.left	pressed
2023-04-13 12:30:37.028589	Key.right	pressed
2023-04-13 12:30:37.075144	Key.left	released
2023-04-13 12:30:37.080565	Key.right	released
2023-04-13 12:30:37.114149	Key.left	pressed
2023-04-13 12:30:37.128511	z	pressed
2023-04-13 12:30:37.214821	z	released
2023-04-13 12:30:37.673680	Key.left	released
2023-04-13 12:30:37.696385	Key.right	pressed
2023-04-13 12:30:37.832595	Key.right	released
2023-04-13 12:30:38.796755	v	pressed
2023-04-13 12:30:38.886808	v	released
2023-04-13 12:30:39.400356	Key.right	pressed
2023-04-13 12:30:39.578745	Key.right	released
2023-04-13 12:30:39.631231	Key.left	pressed
2023-04-13 12:30:39.782303	Key.left	released
2023-04-13 12:30:39.913495	Key.right	pressed
2023-04-13 12:30:39.954433	z	pressed
2023-04-13 12:30:40.072405	z	released
2023-04-13 12:30:40.106257	Key.right	released
2023-04-13 12:30:40.211405	Key.shift	pressed
2023-04-13 12:30:40.333335	Key.shift	released
2023-04-13 12:30:40.393864	Key.left	pressed
2023-04-13 12:30:40.630243	Key.left	released
2023-04-13 12:30:40.666726	Key.right	pressed
2023-04-13 12:30:40.715783	Key.left	pressed
2023-04-13 12:30:40.731703	Key.right	released
2023-04-13 12:30:40.852019	Key.left	released
2023-04-13 12:30:40.932061	Key.left	pressed
2023-04-13 12:30:40.934058	Key.right	pressed
2023-04-13 12:30:40.959898	Key.right	released
2023-04-13 12:30:41.107483	Key.left	released
2023-04-13 12:30:41.220804	Key.right	pressed
2023-04-13 12:30:41.352403	Key.right	released
2023-04-13 12:30:41.528494	z	pressed
2023-04-13 12:30:41.548862	Key.left	pressed
2023-04-13 12:30:41.634191	z	released
2023-04-13 12:30:41.668974	Key.left	released
2023-04-13 12:30:41.924235	Key.left	pressed
2023-04-13 12:30:41.941540	z	pressed
2023-04-13 12:30:42.002311	Key.left	released
2023-04-13 12:30:42.079646	z	released
2023-04-13 12:30:42.114929	Key.right	pressed
2023-04-13 12:30:42.226257	Key.right	released
2023-04-13 12:30:42.230014	Key.left	pressed
2023-04-13 12:30:42.506058	Key.left	released
2023-04-13 12:30:42.507893	Key.right	pressed
2023-04-13 12:30:42.754849	v	pressed
2023-04-13 12:30:42.840713	v	released
2023-04-13 12:30:43.193161	Key.right	released
2023-04-13 12:30:43.196427	Key.left	pressed
2023-04-13 12:30:43.574514	Key.right	pressed
2023-04-13 12:30:43.599811	Key.left	released
2023-04-13 12:30:44.055244	Key.right	released
2023-04-13 12:30:44.155057	Key.right	pressed
2023-04-13 12:30:44.299214	Key.up	pressed
2023-04-13 12:30:44.329159	c	pressed
2023-04-13 12:30:44.575696	Key.right	released
2023-04-13 12:30:44.593528	Key.up	released
2023-04-13 12:30:44.608477	c	released
2023-04-13 12:30:44.694423	Key.left	pressed
2023-04-13 12:30:44.695423	z	pressed
2023-04-13 12:30:44.776737	Key.left	released
2023-04-13 12:30:44.825307	z	released
2023-04-13 12:30:45.041934	Key.left	pressed
2023-04-13 12:30:45.368615	Key.left	released
2023-04-13 12:30:45.370762	Key.right	pressed
2023-04-13 12:30:45.593086	Key.up	pressed
2023-04-13 12:30:45.666713	c	pressed
2023-04-13 12:30:46.016529	c	released
2023-04-13 12:30:46.106743	c	pressed
2023-04-13 12:30:48.550812	Key.right	released
2023-04-13 12:30:48.576379	c	pressed
2023-04-13 12:30:48.591504	Key.up	released
2023-04-13 12:30:48.595982	Key.left	pressed
2023-04-13 12:30:48.606227	c	released
2023-04-13 12:30:48.653243	z	pressed
2023-04-13 12:30:48.959339	z	released
2023-04-13 12:30:49.180418	Key.left	released
2023-04-13 12:30:49.182072	Key.right	pressed
2023-04-13 12:30:49.290503	Key.right	released
2023-04-13 12:30:49.442133	Key.right	pressed
2023-04-13 12:30:49.474320	Key.right	released
2023-04-13 12:30:49.754038	Key.left	pressed
2023-04-13 12:30:49.966982	Key.left	released
2023-04-13 12:30:49.981760	Key.right	pressed
2023-04-13 12:30:50.098696	Key.right	released
2023-04-13 12:30:50.318816	Key.left	pressed
2023-04-13 12:30:50.334489	z	pressed
2023-04-13 12:30:50.466407	z	released
2023-04-13 12:30:50.667214	Key.left	released
2023-04-13 12:30:50.671052	Key.right	pressed
2023-04-13 12:30:50.976811	Key.right	released
2023-04-13 12:30:51.277507	Key.left	pressed
2023-04-13 12:30:51.332113	Key.left	released
2023-04-13 12:30:51.366950	Key.right	pressed
2023-04-13 12:30:51.475301	Key.right	released
2023-04-13 12:30:51.605302	Key.left	pressed
2023-04-13 12:30:51.660342	Key.left	released
2023-04-13 12:30:51.746289	Key.right	pressed
2023-04-13 12:30:51.847858	Key.right	released
2023-04-13 12:30:51.884100	Key.right	pressed
2023-04-13 12:30:51.962101	Key.right	released
2023-04-13 12:30:52.124232	Key.right	pressed
2023-04-13 12:30:52.150496	Key.right	released
2023-04-13 12:30:52.184187	Key.left	pressed
2023-04-13 12:30:52.437332	Key.left	released
2023-04-13 12:30:52.438922	Key.up	pressed
2023-04-13 12:30:52.877157	Key.right	pressed
2023-04-13 12:30:52.897529	Key.up	released
2023-04-13 12:30:52.977017	Key.right	released
2023-04-13 12:30:53.008254	Key.up	pressed
2023-04-13 12:30:53.425864	Key.up	released
2023-04-13 12:30:53.426869	Key.left	pressed
2023-04-13 12:30:53.614516	Key.left	released
2023-04-13 12:30:53.692522	Key.left	pressed
2023-04-13 12:30:53.694522	z	pressed
2023-04-13 12:30:53.746327	Key.left	released
2023-04-13 12:30:53.829801	z	released
2023-04-13 12:30:53.935141	Key.right	pressed
2023-04-13 12:30:54.060002	Key.right	released
2023-04-13 12:30:54.502528	Key.left	pressed
2023-04-13 12:30:54.636057	Key.left	released
2023-04-13 12:30:54.700772	Key.right	pressed
2023-04-13 12:30:54.807461	Key.right	released
2023-04-13 12:30:55.066841	Key.left	pressed
2023-04-13 12:30:55.145397	Key.left	released
2023-04-13 12:30:55.148907	Key.up	pressed
2023-04-13 12:30:55.380115	Key.up	released
2023-04-13 12:30:55.381824	Key.right	pressed
2023-04-13 12:30:55.466701	Key.right	released
2023-04-13 12:30:55.647673	Key.left	pressed
2023-04-13 12:30:55.739573	Key.left	released
2023-04-13 12:30:55.813228	Key.right	pressed
2023-04-13 12:30:55.884927	Key.right	released
2023-04-13 12:30:56.611318	Key.left	pressed
2023-04-13 12:30:56.657156	z	pressed
2023-04-13 12:30:56.777553	z	released
2023-04-13 12:30:57.133769	Key.right	pressed
2023-04-13 12:30:57.172173	Key.left	released
2023-04-13 12:30:57.251924	Key.right	released
2023-04-13 12:30:57.896110	Key.left	pressed
2023-04-13 12:30:57.983125	Key.left	released
2023-04-13 12:30:58.114610	Key.left	pressed
2023-04-13 12:30:58.143709	Key.left	released
2023-04-13 12:30:58.259460	Key.right	pressed
2023-04-13 12:30:58.341236	Key.right	released
2023-04-13 12:30:58.420745	Key.right	pressed
2023-04-13 12:30:58.589943	z	pressed
2023-04-13 12:30:58.662418	z	released
2023-04-13 12:30:58.919078	Key.right	released
2023-04-13 12:30:59.040645	Key.right	pressed
2023-04-13 12:30:59.100603	Key.right	released
2023-04-13 12:30:59.197394	Key.right	pressed
2023-04-13 12:30:59.250722	Key.right	released
2023-04-13 12:30:59.408220	Key.left	pressed
2023-04-13 12:30:59.454153	Key.left	released
2023-04-13 12:30:59.591634	Key.left	pressed
2023-04-13 12:30:59.681237	Key.left	released
2023-04-13 12:30:59.770094	Key.shift	pressed
2023-04-13 12:30:59.887600	Key.shift	released
2023-04-13 12:31:00.180745	Key.left	pressed
2023-04-13 12:31:00.199264	Key.left	released
2023-04-13 12:31:00.246574	Key.right	pressed
2023-04-13 12:31:00.410931	Key.right	released
2023-04-13 12:31:00.931173	Key.left	pressed
2023-04-13 12:31:01.015812	Key.left	released
2023-04-13 12:31:01.108935	z	pressed
2023-04-13 12:31:01.126880	Key.left	pressed
2023-04-13 12:31:01.143809	Key.left	released
2023-04-13 12:31:01.158634	Key.left	pressed
2023-04-13 12:31:01.215439	z	released
2023-04-13 12:31:01.259020	Key.left	released
2023-04-13 12:31:01.261076	Key.right	pressed
2023-04-13 12:31:01.384379	Key.right	released
2023-04-13 12:31:01.486717	Key.right	pressed
2023-04-13 12:31:01.524688	z	pressed
2023-04-13 12:31:01.747195	z	released
2023-04-13 12:31:01.834850	Key.right	released
2023-04-13 12:31:01.857937	Key.left	pressed
2023-04-13 12:31:02.111777	Key.left	released
2023-04-13 12:31:02.438257	x	released
2023-04-13 12:31:09.943641	Key.alt_l	pressed
2023-04-13 12:31:10.021597	Key.tab	pressed
2023-04-13 12:31:10.120192	Key.tab	released
2023-04-13 12:31:11.219767	Key.alt_l	released
2023-04-13 12:31:13.446816	Key.delete	pressed
