2023-04-13 12:27:08.500	0:00:00:0	0	0	0	1	0	0	0	0	0	0	0
2023-04-13 12:27:09.000	0:00:00:500	0	0	0	0	0	0	0	0	0	0	0
2023-04-13 12:27:09.500	0:00:01:0	0	0	0	0	0	0	0	0	0	0	0
2023-04-13 12:27:10.000	0:00:01:500	0	0	0	0	0	0	0	0	0	0	0
2023-04-13 12:27:10.500	0:00:02:0	0	0	0	0	0	0	0	0	0	0	0
2023-04-13 12:27:11.000	0:00:02:500	0	0	0	1	0	0	0	0	0	0	0
2023-04-13 12:27:11.500	0:00:03:0	0	0	0	0	0	0	0	0	0	0	0
2023-04-13 12:27:12.000	0:00:03:500	0	0	0	1	0	0	0	0	0	0	0
2023-04-13 12:27:12.500	0:00:04:0	0	0	0	0	0	0	0	0	0	0	0
2023-04-13 12:27:13.000	0:00:04:500	0	0	0	0	0	0	0	0	0	0	0
2023-04-13 12:27:13.500	0:00:05:0	0	0	0	0	0	0	0	0	0	0	0
2023-04-13 12:27:14.000	0:00:05:500	0	0	0	0	0	0	0	0	0	0	0
2023-04-13 12:27:14.500	0:00:06:0	0	0	0	0	0	0	0	0	0	0	0
2023-04-13 12:27:15.000	0:00:06:500	0	0	0	1	0	0	0	0	0	0	0
2023-04-13 12:27:15.500	0:00:07:0	0	0	0	1	0	0	0	0	0	0	0
2023-04-13 12:27:16.000	0:00:07:500	0	0	0	1	0	0	0	0	0	0	0
2023-04-13 12:27:16.500	0:00:08:0	0	0	0	0	0	0	0	0	0	0	0
2023-04-13 12:27:17.000	0:00:08:500	0	0	0	0	0	0	0	0	0	0	0
2023-04-13 12:27:17.500	0:00:09:0	0	0	0	0	0	0	0	0	0	0	0
2023-04-13 12:27:18.000	0:00:09:500	0	0	0	0	0	0	0	0	0	0	0
2023-04-13 12:27:18.500	0:00:10:0	0	0	0	0	0	0	0	0	0	0	0
2023-04-13 12:27:19.000	0:00:10:500	0	0	0	0	0	0	0	0	0	0	0
2023-04-13 12:27:19.500	0:00:11:0	0	0	0	0	0	0	0	0	0	0	0
2023-04-13 12:27:20.000	0:00:11:500	0	0	0	0	0	0	0	0	0	0	0
2023-04-13 12:27:20.500	0:00:12:0	0	0	0	0	0	0	0	0	0	0	0
2023-04-13 12:27:21.000	0:00:12:500	0	0	0	0	1	0	0	0	0	0	0
2023-04-13 12:27:21.500	0:00:13:0	1	0	0	0	0	0	0	0	0	0	0
2023-04-13 12:27:22.000	0:00:13:500	1	0	0	0	0	0	0	0	0	0	0
2023-04-13 12:27:22.500	0:00:14:0	0	0	0	0	0	0	0	0	0	0	1
2023-04-13 12:27:23.000	0:00:14:500	0	0	0	0	0	0	0	0	0	0	1
2023-04-13 12:27:23.500	0:00:15:0	0	0	0	0	0	0	0	0	0	0	1
2023-04-13 12:27:24.000	0:00:15:500	0	0	0	0	0	0	0	0	0	0	1
2023-04-13 12:27:24.500	0:00:16:0	0	0	0	0	0	0	0	1	0	0	0
2023-04-13 12:27:25.000	0:00:16:500	0	0	0	0	0	0	0	1	0	0	0
2023-04-13 12:27:25.500	0:00:17:0	1	0	0	0	1	0	0	1	0	0	0
2023-04-13 12:27:26.000	0:00:17:500	1	0	0	0	1	0	0	1	0	0	0
2023-04-13 12:27:26.500	0:00:18:0	0	0	0	0	1	0	0	0	0	0	0
2023-04-13 12:27:27.000	0:00:18:500	0	0	0	0	0	0	0	0	0	0	0
2023-04-13 12:27:27.500	0:00:19:0	0	0	0	0	1	0	0	0	0	0	0
2023-04-13 12:27:28.000	0:00:19:500	1	0	0	0	1	0	0	0	0	0	1
2023-04-13 12:27:28.500	0:00:20:0	1	0	0	0	0	0	0	0	0	0	0
2023-04-13 12:27:29.000	0:00:20:500	0	0	0	0	1	0	0	0	0	0	0
2023-04-13 12:27:29.500	0:00:21:0	0	0	0	0	1	0	0	0	0	0	1
2023-04-13 12:27:30.000	0:00:21:500	0	0	0	0	0	0	0	0	0	0	0
2023-04-13 12:27:30.500	0:00:22:0	0	0	0	0	0	0	0	0	0	0	0
2023-04-13 12:27:31.000	0:00:22:500	0	0	0	0	0	0	0	0	0	0	0
2023-04-13 12:27:31.500	0:00:23:0	0	0	0	0	0	0	0	0	0	0	0
2023-04-13 12:27:32.000	0:00:23:500	0	0	0	0	0	0	0	0	0	0	0
2023-04-13 12:27:32.500	0:00:24:0	0	0	0	0	0	0	0	1	0	0	0
2023-04-13 12:27:33.000	0:00:24:500	0	0	0	0	1	0	0	0	0	0	0
2023-04-13 12:27:33.500	0:00:25:0	0	0	0	0	0	0	0	1	0	0	0
2023-04-13 12:27:34.000	0:00:25:500	0	0	0	0	0	0	0	1	0	0	0
2023-04-13 12:27:34.500	0:00:26:0	0	0	0	0	0	0	0	0	0	0	1
2023-04-13 12:27:35.000	0:00:26:500	0	0	0	0	0	0	0	0	0	0	1
2023-04-13 12:27:35.500	0:00:27:0	0	0	0	0	0	0	0	0	0	0	1
2023-04-13 12:27:36.000	0:00:27:500	0	0	0	1	0	0	0	0	0	0	1
2023-04-13 12:27:36.500	0:00:28:0	0	0	0	0	0	0	0	0	0	0	0
2023-04-13 12:27:37.000	0:00:28:500	0	0	0	1	0	0	0	0	0	0	0
2023-04-13 12:27:37.500	0:00:29:0	0	0	0	1	0	0	0	0	0	0	0
2023-04-13 12:27:38.000	0:00:29:500	0	0	0	1	0	0	0	0	0	0	0
2023-04-13 12:27:38.500	0:00:30:0	0	0	0	1	0	0	0	0	0	0	0
2023-04-13 12:27:39.000	0:00:30:500	0	0	0	1	0	0	0	0	0	0	0
2023-04-13 12:27:39.500	0:00:31:0	0	0	0	1	0	0	0	0	0	0	0
2023-04-13 12:27:40.000	0:00:31:500	0	0	0	1	0	0	0	0	0	0	0
2023-04-13 12:27:40.500	0:00:32:0	0	0	0	1	0	0	0	0	0	0	0
2023-04-13 12:27:41.000	0:00:32:500	0	0	0	1	0	0	0	0	0	0	0
2023-04-13 12:27:41.500	0:00:33:0	0	0	0	1	0	0	0	0	0	0	0
2023-04-13 12:27:42.000	0:00:33:500	0	0	0	0	0	0	0	1	0	0	0
2023-04-13 12:27:42.500	0:00:34:0	0	1	0	0	0	0	0	0	0	0	0
2023-04-13 12:27:43.000	0:00:34:500	0	1	0	0	0	0	0	0	0	0	0
2023-04-13 12:27:43.500	0:00:35:0	0	1	0	0	0	0	0	0	0	0	0
2023-04-13 12:27:44.000	0:00:35:500	0	0	0	0	0	0	0	0	0	0	0
2023-04-13 12:27:44.500	0:00:36:0	0	0	0	0	1	1	0	1	0	0	0
2023-04-13 12:27:45.000	0:00:36:500	0	0	0	0	1	1	0	1	0	0	0
2023-04-13 12:27:45.500	0:00:37:0	0	0	0	1	0	0	0	0	0	0	0
2023-04-13 12:27:46.000	0:00:37:500	0	1	0	0	0	0	0	0	0	0	0
2023-04-13 12:27:46.500	0:00:38:0	0	0	0	0	1	0	0	1	0	0	0
2023-04-13 12:27:47.000	0:00:38:500	0	0	0	0	1	0	0	1	0	0	0
2023-04-13 12:27:47.500	0:00:39:0	0	0	0	1	0	0	0	1	0	0	0
2023-04-13 12:27:48.000	0:00:39:500	0	0	0	1	1	0	0	0	0	0	0
2023-04-13 12:27:48.500	0:00:40:0	0	0	0	0	1	0	0	1	0	0	0
2023-04-13 12:27:49.000	0:00:40:500	0	0	0	1	0	0	0	0	0	0	0
2023-04-13 12:27:49.500	0:00:41:0	0	0	0	1	1	0	0	0	0	0	0
2023-04-13 12:27:50.000	0:00:41:500	0	0	0	1	0	0	0	1	0	0	0
2023-04-13 12:27:50.500	0:00:42:0	0	0	0	0	0	0	1	0	0	0	0
2023-04-13 12:27:51.000	0:00:42:500	1	0	0	0	0	0	0	0	0	0	0
2023-04-13 12:27:51.500	0:00:43:0	0	0	0	1	0	0	0	0	0	0	0
2023-04-13 12:27:52.000	0:00:43:500	0	0	0	1	0	0	0	0	0	0	0
2023-04-13 12:27:52.500	0:00:44:0	0	0	0	1	0	0	0	0	0	0	0
2023-04-13 12:27:53.000	0:00:44:500	0	0	0	1	0	0	0	0	0	0	0
2023-04-13 12:27:53.500	0:00:45:0	0	1	0	0	0	0	0	1	0	0	0
2023-04-13 12:27:54.000	0:00:45:500	0	1	0	0	0	0	0	0	0	0	0
2023-04-13 12:27:54.500	0:00:46:0	0	1	0	0	0	0	0	0	0	0	0
2023-04-13 12:27:55.000	0:00:46:500	0	1	0	0	0	0	0	0	0	0	0
2023-04-13 12:27:55.500	0:00:47:0	0	1	0	0	0	0	0	0	0	0	0
2023-04-13 12:27:56.000	0:00:47:500	0	1	0	1	0	0	0	0	0	0	0
2023-04-13 12:27:56.500	0:00:48:0	0	0	0	0	0	0	0	0	0	0	0
2023-04-13 12:27:57.000	0:00:48:500	0	0	0	0	1	0	0	1	0	0	0
2023-04-13 12:27:57.500	0:00:49:0	0	0	0	0	1	0	0	1	0	0	0
2023-04-13 12:27:58.000	0:00:49:500	0	1	0	0	1	0	0	0	0	0	0
2023-04-13 12:27:58.500	0:00:50:0	0	0	0	1	0	0	0	1	0	0	0
2023-04-13 12:27:59.000	0:00:50:500	0	1	0	0	0	0	0	0	0	0	0
2023-04-13 12:27:59.500	0:00:51:0	0	1	0	0	0	0	0	0	0	0	0
2023-04-13 12:28:00.000	0:00:51:500	0	0	0	1	1	0	0	1	0	0	0
2023-04-13 12:28:00.500	0:00:52:0	0	1	0	0	0	0	0	0	0	0	0
2023-04-13 12:28:01.000	0:00:52:500	0	0	0	1	1	0	0	0	0	0	0
2023-04-13 12:28:01.500	0:00:53:0	0	0	0	1	0	0	0	1	0	0	0
2023-04-13 12:28:02.000	0:00:53:500	0	0	0	0	0	0	0	1	0	0	0
2023-04-13 12:28:02.500	0:00:54:0	0	0	0	1	0	0	0	1	0	0	0
2023-04-13 12:28:03.000	0:00:54:500	0	1	0	0	0	0	0	0	0	0	0
2023-04-13 12:28:03.500	0:00:55:0	0	1	0	0	0	0	0	0	0	0	0
2023-04-13 12:28:04.000	0:00:55:500	0	0	0	0	1	0	0	0	0	0	0
2023-04-13 12:28:04.500	0:00:56:0	0	0	0	1	0	0	0	1	0	0	0
2023-04-13 12:28:05.000	0:00:56:500	0	1	0	0	0	0	0	0	0	0	0
2023-04-13 12:28:05.500	0:00:57:0	0	0	0	0	0	0	0	0	0	0	0
2023-04-13 12:28:06.000	0:00:57:500	0	0	0	0	1	0	0	1	0	0	0
2023-04-13 12:28:06.500	0:00:58:0	0	0	0	1	1	0	0	1	0	0	0
2023-04-13 12:28:07.000	0:00:58:500	0	1	0	0	0	0	0	0	0	0	0
2023-04-13 12:28:07.500	0:00:59:0	0	1	0	0	0	0	0	0	0	0	0
2023-04-13 12:28:08.000	0:00:59:500	0	0	0	0	0	0	0	0	0	0	0
2023-04-13 12:28:08.500	0:01:00:0	0	0	0	0	0	0	0	0	0	0	0
2023-04-13 12:28:09.000	0:01:00:500	0	0	0	0	0	0	0	0	0	0	0
2023-04-13 12:28:09.500	0:01:01:0	0	0	0	1	0	0	0	0	0	0	0
2023-04-13 12:28:10.000	0:01:01:500	0	0	0	1	0	0	0	0	0	0	0
2023-04-13 12:28:10.500	0:01:02:0	0	0	0	1	0	0	0	0	0	0	0
2023-04-13 12:28:11.000	0:01:02:500	0	0	0	1	1	0	0	0	0	0	0
2023-04-13 12:28:11.500	0:01:03:0	0	0	0	1	0	0	0	1	0	0	0
2023-04-13 12:28:12.000	0:01:03:500	0	0	0	0	1	0	0	1	0	0	0
2023-04-13 12:28:12.500	0:01:04:0	0	0	0	0	0	0	0	0	0	0	0
2023-04-13 12:28:13.000	0:01:04:500	0	1	0	1	0	0	0	1	0	0	0
2023-04-13 12:28:13.500	0:01:05:0	0	0	0	0	0	0	0	0	0	0	0
2023-04-13 12:28:14.000	0:01:05:500	0	1	0	1	0	0	0	0	0	0	0
2023-04-13 12:28:14.500	0:01:06:0	0	1	0	0	0	0	0	0	0	0	0
2023-04-13 12:28:15.000	0:01:06:500	0	1	0	0	0	0	0	0	0	0	0
2023-04-13 12:28:15.500	0:01:07:0	0	1	0	1	0	0	0	0	0	0	0
2023-04-13 12:28:16.000	0:01:07:500	0	0	0	0	1	0	0	0	0	0	0
2023-04-13 12:28:16.500	0:01:08:0	0	0	0	0	1	0	0	1	1	0	1
2023-04-13 12:28:17.000	0:01:08:500	0	0	0	1	0	0	0	0	0	0	0
2023-04-13 12:28:17.500	0:01:09:0	0	0	0	1	0	0	0	0	0	0	0
2023-04-13 12:28:18.000	0:01:09:500	0	0	0	1	0	0	0	0	0	0	0
2023-04-13 12:28:18.500	0:01:10:0	0	0	0	1	0	0	0	1	0	0	0
2023-04-13 12:28:19.000	0:01:10:500	0	0	0	0	1	0	0	1	0	0	0
2023-04-13 12:28:19.500	0:01:11:0	0	0	0	0	1	0	0	0	0	0	0
2023-04-13 12:28:20.000	0:01:11:500	0	0	0	1	0	0	0	1	0	0	0
2023-04-13 12:28:20.500	0:01:12:0	0	1	0	1	0	0	0	1	0	0	0
2023-04-13 12:28:21.000	0:01:12:500	0	0	0	0	0	0	0	0	0	0	0
2023-04-13 12:28:21.500	0:01:13:0	0	0	0	0	1	0	0	0	1	0	1
2023-04-13 12:28:22.000	0:01:13:500	0	0	0	0	0	0	0	1	1	0	1
2023-04-13 12:28:22.500	0:01:14:0	0	0	0	1	1	0	0	1	0	0	0
2023-04-13 12:28:23.000	0:01:14:500	0	0	0	0	1	0	0	0	0	0	0
2023-04-13 12:28:23.500	0:01:15:0	0	1	0	1	0	0	0	0	0	0	0
2023-04-13 12:28:24.000	0:01:15:500	0	0	0	0	1	0	0	1	0	0	0
2023-04-13 12:28:24.500	0:01:16:0	0	0	0	0	1	0	0	1	0	0	0
2023-04-13 12:28:25.000	0:01:16:500	0	0	0	0	1	0	0	1	0	0	0
2023-04-13 12:28:25.500	0:01:17:0	0	0	0	0	1	0	0	0	0	0	0
2023-04-13 12:28:26.000	0:01:17:500	0	0	0	1	1	0	0	0	0	0	0
2023-04-13 12:28:26.500	0:01:18:0	0	0	0	0	1	0	0	1	0	0	0
2023-04-13 12:28:27.000	0:01:18:500	0	0	0	0	0	0	0	1	0	0	0
2023-04-13 12:28:27.500	0:01:19:0	0	0	0	1	0	0	0	0	0	0	0
2023-04-13 12:28:28.000	0:01:19:500	0	1	0	0	1	0	0	1	0	0	0
2023-04-13 12:28:28.500	0:01:20:0	0	0	0	0	1	0	0	0	0	0	0
2023-04-13 12:28:29.000	0:01:20:500	0	0	0	1	0	0	0	0	0	0	0
2023-04-13 12:28:29.500	0:01:21:0	0	1	0	0	0	0	0	0	0	0	0
2023-04-13 12:28:30.000	0:01:21:500	0	0	0	0	0	0	0	0	1	0	1
2023-04-13 12:28:30.500	0:01:22:0	0	0	0	1	0	0	0	1	0	0	0
2023-04-13 12:28:31.000	0:01:22:500	0	0	0	1	1	0	0	0	0	0	0
2023-04-13 12:28:31.500	0:01:23:0	0	0	0	0	0	0	0	1	0	0	0
2023-04-13 12:28:32.000	0:01:23:500	0	0	0	0	1	0	0	1	0	0	0
2023-04-13 12:28:32.500	0:01:24:0	0	0	0	1	0	0	0	1	0	0	0
2023-04-13 12:28:33.000	0:01:24:500	0	0	0	0	1	0	0	0	0	0	0
2023-04-13 12:28:33.500	0:01:25:0	0	0	0	0	1	0	0	0	0	0	0
2023-04-13 12:28:34.000	0:01:25:500	0	0	0	1	0	0	0	1	0	0	0
2023-04-13 12:28:34.500	0:01:26:0	0	0	0	0	1	0	0	1	0	0	0
2023-04-13 12:28:35.000	0:01:26:500	0	0	0	0	0	0	0	0	1	0	1
2023-04-13 12:28:35.500	0:01:27:0	0	0	0	1	0	0	0	1	0	0	0
2023-04-13 12:28:36.000	0:01:27:500	0	0	0	0	0	0	0	0	0	0	0
2023-04-13 12:28:36.500	0:01:28:0	0	0	0	1	1	0	0	0	0	0	0
2023-04-13 12:28:37.000	0:01:28:500	0	0	0	0	0	0	0	0	0	0	0
2023-04-13 12:28:37.500	0:01:29:0	0	0	0	1	0	0	0	1	0	0	0
2023-04-13 12:28:38.000	0:01:29:500	0	0	0	0	0	0	0	0	0	0	0
2023-04-13 12:28:38.500	0:01:30:0	0	0	0	1	0	0	0	0	0	0	0
2023-04-13 12:28:39.000	0:01:30:500	0	0	0	1	0	0	0	0	0	0	0
2023-04-13 12:28:39.500	0:01:31:0	0	0	0	1	0	0	0	0	0	0	0
2023-04-13 12:28:40.000	0:01:31:500	0	0	0	1	0	0	0	1	0	0	0
2023-04-13 12:28:40.500	0:01:32:0	0	0	0	0	0	0	0	0	0	0	0
2023-04-13 12:28:41.000	0:01:32:500	0	0	0	0	1	0	0	1	0	0	0
2023-04-13 12:28:41.500	0:01:33:0	0	0	0	1	0	0	0	1	0	0	0
2023-04-13 12:28:42.000	0:01:33:500	0	1	0	1	1	0	0	0	0	0	0
2023-04-13 12:28:42.500	0:01:34:0	0	0	0	0	0	0	0	0	0	0	0
2023-04-13 12:28:43.000	0:01:34:500	0	0	0	1	0	0	0	0	0	0	0
2023-04-13 12:28:43.500	0:01:35:0	0	0	0	1	1	0	0	1	0	0	0
2023-04-13 12:28:44.000	0:01:35:500	0	0	0	1	0	0	0	1	0	0	0
2023-04-13 12:28:44.500	0:01:36:0	0	0	0	0	1	0	0	1	0	0	0
2023-04-13 12:28:45.000	0:01:36:500	0	0	0	0	0	0	0	0	1	0	0
2023-04-13 12:28:45.500	0:01:37:0	0	0	0	0	0	0	0	0	1	0	0
2023-04-13 12:28:46.000	0:01:37:500	0	0	0	0	0	0	0	1	0	0	0
2023-04-13 12:28:46.500	0:01:38:0	0	0	0	1	0	0	0	0	0	0	0
2023-04-13 12:28:47.000	0:01:38:500	0	0	0	1	0	0	0	0	0	0	0
2023-04-13 12:28:47.500	0:01:39:0	0	1	0	0	0	0	0	0	0	0	0
2023-04-13 12:28:48.000	0:01:39:500	0	1	0	0	0	0	0	0	0	0	0
2023-04-13 12:28:48.500	0:01:40:0	0	0	0	1	0	0	0	0	0	0	0
2023-04-13 12:28:49.000	0:01:40:500	0	0	0	0	0	0	0	0	0	0	0
2023-04-13 12:28:49.500	0:01:41:0	0	1	0	1	0	0	0	0	0	0	0
2023-04-13 12:28:50.000	0:01:41:500	0	0	0	0	0	0	0	1	0	0	0
2023-04-13 12:28:50.500	0:01:42:0	0	1	0	1	0	0	0	1	0	0	0
2023-04-13 12:28:51.000	0:01:42:500	0	0	0	0	0	0	0	0	0	0	0
2023-04-13 12:28:51.500	0:01:43:0	0	0	0	0	0	0	0	0	0	0	0
2023-04-13 12:28:52.000	0:01:43:500	0	1	0	1	0	0	0	1	0	0	0
2023-04-13 12:28:52.500	0:01:44:0	0	0	0	0	1	0	0	0	0	0	0
2023-04-13 12:28:53.000	0:01:44:500	0	0	0	1	0	0	0	1	0	0	0
2023-04-13 12:28:53.500	0:01:45:0	0	0	0	1	0	0	0	1	0	0	0
2023-04-13 12:28:54.000	0:01:45:500	0	0	0	0	0	0	0	1	0	0	0
2023-04-13 12:28:54.500	0:01:46:0	0	0	0	1	0	0	0	0	0	0	0
2023-04-13 12:28:55.000	0:01:46:500	0	1	0	0	1	0	0	0	0	0	0
2023-04-13 12:28:55.500	0:01:47:0	0	0	0	0	0	0	0	1	0	0	0
2023-04-13 12:28:56.000	0:01:47:500	0	0	0	1	0	0	0	1	0	0	0
2023-04-13 12:28:56.500	0:01:48:0	0	0	0	0	0	0	0	0	0	0	0
2023-04-13 12:28:57.000	0:01:48:500	0	0	0	1	0	0	0	1	0	0	0
2023-04-13 12:28:57.500	0:01:49:0	0	1	0	0	1	0	0	1	0	0	0
2023-04-13 12:28:58.000	0:01:49:500	0	0	0	1	0	0	0	0	0	0	0
2023-04-13 12:28:58.500	0:01:50:0	0	0	0	1	0	0	0	0	0	0	0
2023-04-13 12:28:59.000	0:01:50:500	0	0	0	1	0	0	0	0	0	0	0
2023-04-13 12:28:59.500	0:01:51:0	0	0	0	0	0	0	0	1	0	0	0
2023-04-13 12:29:00.000	0:01:51:500	0	0	0	1	0	0	0	0	0	0	0
2023-04-13 12:29:00.500	0:01:52:0	0	0	0	1	0	0	0	0	0	0	0
2023-04-13 12:29:01.000	0:01:52:500	0	0	0	1	0	0	0	0	0	0	0
2023-04-13 12:29:01.500	0:01:53:0	0	0	0	1	0	0	0	0	0	0	0
2023-04-13 12:29:02.000	0:01:53:500	0	0	0	1	0	0	0	0	0	0	0
2023-04-13 12:29:02.500	0:01:54:0	0	0	0	1	0	0	0	0	0	0	0
2023-04-13 12:29:03.000	0:01:54:500	0	0	0	0	0	0	0	0	0	0	0
2023-04-13 12:29:03.500	0:01:55:0	0	0	0	0	0	0	0	0	0	0	0
2023-04-13 12:29:04.000	0:01:55:500	0	0	0	0	0	0	0	0	0	0	0
2023-04-13 12:29:04.500	0:01:56:0	0	0	0	0	0	0	0	1	0	1	0
2023-04-13 12:29:05.000	0:01:56:500	0	0	0	0	0	0	0	1	0	0	0
2023-04-13 12:29:05.500	0:01:57:0	0	0	0	0	1	0	0	0	1	0	0
2023-04-13 12:29:06.000	0:01:57:500	0	0	0	1	0	0	0	1	0	0	0
2023-04-13 12:29:06.500	0:01:58:0	0	0	0	0	0	0	0	0	0	1	0
2023-04-13 12:29:07.000	0:01:58:500	0	0	0	0	0	0	0	0	0	0	0
2023-04-13 12:29:07.500	0:01:59:0	0	0	0	1	1	0	0	1	0	0	0
2023-04-13 12:29:08.000	0:01:59:500	0	0	0	0	1	0	0	1	0	0	0
2023-04-13 12:29:08.500	0:02:00:0	0	0	0	1	0	0	0	1	0	0	0
2023-04-13 12:29:09.000	0:02:00:500	0	0	0	0	0	0	0	0	0	1	0
2023-04-13 12:29:09.500	0:02:01:0	0	0	0	0	0	0	0	1	0	0	0
2023-04-13 12:29:10.000	0:02:01:500	0	0	0	0	1	0	0	0	0	0	0
2023-04-13 12:29:10.500	0:02:02:0	0	0	0	0	1	0	0	1	0	0	0
2023-04-13 12:29:11.000	0:02:02:500	0	0	0	0	1	0	0	1	0	1	0
2023-04-13 12:29:11.500	0:02:03:0	0	0	0	0	0	0	0	0	0	0	0
2023-04-13 12:29:12.000	0:02:03:500	0	0	0	0	0	0	0	0	0	1	0
2023-04-13 12:29:12.500	0:02:04:0	0	0	0	0	0	0	0	1	0	0	0
2023-04-13 12:29:13.000	0:02:04:500	0	0	0	0	1	0	0	0	0	0	0
2023-04-13 12:29:13.500	0:02:05:0	0	0	0	0	1	0	0	1	0	0	0
2023-04-13 12:29:14.000	0:02:05:500	0	0	0	0	0	0	0	0	0	1	0
2023-04-13 12:29:14.500	0:02:06:0	0	0	0	0	0	0	0	0	0	0	0
2023-04-13 12:29:15.000	0:02:06:500	0	0	0	0	0	0	0	0	0	0	0
2023-04-13 12:29:15.500	0:02:07:0	0	0	0	0	1	0	0	0	0	0	0
2023-04-13 12:29:16.000	0:02:07:500	0	0	0	0	0	0	0	1	0	0	0
2023-04-13 12:29:16.500	0:02:08:0	0	0	0	1	1	0	0	0	0	0	0
2023-04-13 12:29:17.000	0:02:08:500	0	0	0	0	0	0	0	1	0	0	0
2023-04-13 12:29:17.500	0:02:09:0	0	0	0	1	0	0	0	1	0	0	0
2023-04-13 12:29:18.000	0:02:09:500	0	0	0	1	0	0	0	1	0	0	0
2023-04-13 12:29:18.500	0:02:10:0	0	0	0	1	0	0	0	1	0	0	0
2023-04-13 12:29:19.000	0:02:10:500	0	0	0	1	0	0	0	1	0	0	0
2023-04-13 12:29:19.500	0:02:11:0	0	0	0	1	0	0	0	1	0	0	0
2023-04-13 12:29:20.000	0:02:11:500	0	1	0	1	0	0	0	1	0	0	0
2023-04-13 12:29:20.500	0:02:12:0	0	0	0	0	1	0	0	1	0	0	0
2023-04-13 12:29:21.000	0:02:12:500	0	0	0	0	0	0	0	1	0	0	0
2023-04-13 12:29:21.500	0:02:13:0	0	0	0	0	0	0	0	1	0	0	0
2023-04-13 12:29:22.000	0:02:13:500	0	0	0	0	0	0	0	1	0	0	0
2023-04-13 12:29:22.500	0:02:14:0	0	0	0	0	0	0	0	1	0	0	0
2023-04-13 12:29:23.000	0:02:14:500	0	0	0	0	0	0	0	1	0	0	0
2023-04-13 12:29:23.500	0:02:15:0	0	0	0	1	0	0	0	1	0	0	0
2023-04-13 12:29:24.000	0:02:15:500	0	1	0	0	0	0	0	0	0	0	0
2023-04-13 12:29:24.500	0:02:16:0	0	0	0	0	1	0	0	0	0	0	0
2023-04-13 12:29:25.000	0:02:16:500	0	1	0	0	0	0	0	1	0	0	0
2023-04-13 12:29:25.500	0:02:17:0	0	0	0	0	0	0	0	0	0	0	0
2023-04-13 12:29:26.000	0:02:17:500	0	0	0	0	0	0	0	0	0	0	0
2023-04-13 12:29:26.500	0:02:18:0	0	0	0	0	0	0	0	0	0	0	0
2023-04-13 12:29:27.000	0:02:18:500	0	0	0	0	0	0	0	0	0	0	0
2023-04-13 12:29:27.500	0:02:19:0	0	0	0	0	0	0	0	0	0	0	0
2023-04-13 12:29:28.000	0:02:19:500	0	0	0	0	0	0	0	0	0	0	0
2023-04-13 12:29:28.500	0:02:20:0	0	0	0	0	0	0	0	0	0	0	0
2023-04-13 12:29:29.000	0:02:20:500	0	0	0	0	0	0	0	0	0	0	0
2023-04-13 12:29:29.500	0:02:21:0	0	0	0	0	0	0	0	0	0	0	0
2023-04-13 12:29:30.000	0:02:21:500	0	0	0	0	0	0	0	0	0	0	0
2023-04-13 12:29:30.500	0:02:22:0	0	0	0	0	0	0	0	0	0	0	0
2023-04-13 12:29:31.000	0:02:22:500	0	0	0	0	0	0	0	0	0	0	0
2023-04-13 12:29:31.500	0:02:23:0	0	0	0	0	0	0	0	0	0	0	0
2023-04-13 12:29:32.000	0:02:23:500	0	0	0	0	0	0	0	0	0	0	0
2023-04-13 12:29:32.500	0:02:24:0	0	0	0	0	0	0	0	0	0	0	0
2023-04-13 12:29:33.000	0:02:24:500	0	1	0	0	0	0	0	0	0	0	0
2023-04-13 12:29:33.500	0:02:25:0	0	1	0	0	0	0	0	0	0	0	0
2023-04-13 12:29:34.000	0:02:25:500	0	0	0	0	0	0	0	0	0	0	0
2023-04-13 12:29:34.500	0:02:26:0	0	1	0	0	0	0	0	0	0	0	0
2023-04-13 12:29:35.000	0:02:26:500	0	1	0	0	0	0	0	0	0	0	0
2023-04-13 12:29:35.500	0:02:27:0	0	1	0	1	0	0	0	0	0	0	0
2023-04-13 12:29:36.000	0:02:27:500	0	1	0	1	0	0	0	0	0	0	0
2023-04-13 12:29:36.500	0:02:28:0	0	0	0	1	0	0	0	0	0	0	0
2023-04-13 12:29:37.000	0:02:28:500	0	0	0	1	0	0	0	0	0	0	0
2023-04-13 12:29:37.500	0:02:29:0	0	0	0	1	0	0	0	0	0	0	0
2023-04-13 12:29:38.000	0:02:29:500	0	0	0	1	0	0	0	0	0	0	0
2023-04-13 12:29:38.500	0:02:30:0	0	0	0	1	0	0	0	0	0	0	0
2023-04-13 12:29:39.000	0:02:30:500	0	0	0	1	0	0	0	0	0	0	0
2023-04-13 12:29:39.500	0:02:31:0	0	0	0	1	0	0	0	0	0	0	0
2023-04-13 12:29:40.000	0:02:31:500	0	0	0	1	0	0	0	0	0	0	0
2023-04-13 12:29:40.500	0:02:32:0	0	1	0	0	0	0	0	0	0	0	0
2023-04-13 12:29:41.000	0:02:32:500	0	1	0	1	0	0	0	0	0	0	0
2023-04-13 12:29:41.500	0:02:33:0	0	1	0	0	0	0	0	0	0	0	0
2023-04-13 12:29:42.000	0:02:33:500	0	1	0	0	0	0	0	0	0	0	0
2023-04-13 12:29:42.500	0:02:34:0	0	1	0	1	0	0	0	0	0	0	0
2023-04-13 12:29:43.000	0:02:34:500	0	1	0	1	0	0	0	0	0	0	0
2023-04-13 12:29:43.500	0:02:35:0	0	1	0	1	0	0	0	0	0	0	0
2023-04-13 12:29:44.000	0:02:35:500	0	1	0	1	0	0	0	0	0	0	0
2023-04-13 12:29:44.500	0:02:36:0	0	1	0	1	0	0	0	0	0	0	0
2023-04-13 12:29:45.000	0:02:36:500	0	1	0	1	0	0	0	0	0	0	0
2023-04-13 12:29:45.500	0:02:37:0	0	1	0	1	0	0	0	0	0	0	0
2023-04-13 12:29:46.000	0:02:37:500	0	0	0	0	0	0	0	1	0	0	0
2023-04-13 12:29:46.500	0:02:38:0	0	0	0	0	0	0	0	1	0	0	0
2023-04-13 12:29:47.000	0:02:38:500	0	0	0	0	0	0	0	1	0	0	0
2023-04-13 12:29:47.500	0:02:39:0	1	0	0	0	0	0	0	0	0	0	0
2023-04-13 12:29:48.000	0:02:39:500	0	0	0	0	0	0	0	0	0	0	0
2023-04-13 12:29:48.500	0:02:40:0	0	0	0	0	1	0	0	1	0	0	1
2023-04-13 12:29:49.000	0:02:40:500	1	0	0	0	0	0	0	1	0	0	0
2023-04-13 12:29:49.500	0:02:41:0	0	0	0	0	1	0	0	0	0	0	0
2023-04-13 12:29:50.000	0:02:41:500	0	0	0	0	0	0	0	1	0	0	0
2023-04-13 12:29:50.500	0:02:42:0	0	0	0	0	0	0	0	1	0	0	0
2023-04-13 12:29:51.000	0:02:42:500	0	0	0	0	0	0	0	1	0	0	1
2023-04-13 12:29:51.500	0:02:43:0	0	0	0	0	0	0	0	1	0	0	1
2023-04-13 12:29:52.000	0:02:43:500	0	0	0	0	0	0	0	1	0	0	1
2023-04-13 12:29:52.500	0:02:44:0	0	0	0	1	0	0	0	0	0	0	0
2023-04-13 12:29:53.000	0:02:44:500	0	0	0	0	0	0	0	0	0	0	0
2023-04-13 12:29:53.500	0:02:45:0	0	0	0	1	0	0	0	0	0	0	0
2023-04-13 12:29:54.000	0:02:45:500	0	0	0	1	0	0	0	0	0	0	0
2023-04-13 12:29:54.500	0:02:46:0	0	0	0	1	0	0	0	0	0	0	0
2023-04-13 12:29:55.000	0:02:46:500	0	0	0	1	0	0	0	0	0	0	0
2023-04-13 12:29:55.500	0:02:47:0	0	0	0	1	0	0	0	0	0	0	0
2023-04-13 12:29:56.000	0:02:47:500	0	0	0	1	0	0	0	0	0	0	0
2023-04-13 12:29:56.500	0:02:48:0	0	0	0	1	0	0	0	0	0	0	0
2023-04-13 12:29:57.000	0:02:48:500	0	0	0	1	0	0	0	0	0	0	0
2023-04-13 12:29:57.500	0:02:49:0	0	0	0	0	0	0	0	1	0	0	0
2023-04-13 12:29:58.000	0:02:49:500	0	0	0	0	1	0	0	1	0	0	0
2023-04-13 12:29:58.500	0:02:50:0	0	0	0	0	0	0	0	0	0	0	0
2023-04-13 12:29:59.000	0:02:50:500	0	0	0	0	0	0	0	0	0	0	0
2023-04-13 12:29:59.500	0:02:51:0	0	0	0	0	0	0	0	1	0	0	0
2023-04-13 12:30:00.000	0:02:51:500	0	1	0	0	0	0	0	0	0	0	0
2023-04-13 12:30:00.500	0:02:52:0	0	0	0	0	0	1	0	1	1	0	1
2023-04-13 12:30:01.000	0:02:52:500	0	0	0	0	0	1	0	1	1	0	1
2023-04-13 12:30:01.500	0:02:53:0	0	0	0	0	0	1	0	1	1	0	1
2023-04-13 12:30:02.000	0:02:53:500	0	0	0	0	0	1	0	1	1	0	1
2023-04-13 12:30:02.500	0:02:54:0	0	0	0	0	0	1	0	1	1	0	1
2023-04-13 12:30:03.000	0:02:54:500	0	0	0	0	0	1	0	1	1	0	1
2023-04-13 12:30:03.500	0:02:55:0	0	0	0	0	0	1	0	1	1	0	1
2023-04-13 12:30:04.000	0:02:55:500	0	0	0	0	0	1	0	1	1	0	1
2023-04-13 12:30:04.500	0:02:56:0	0	0	0	0	0	1	0	1	1	0	1
2023-04-13 12:30:05.000	0:02:56:500	0	0	0	0	0	1	0	1	1	0	1
2023-04-13 12:30:05.500	0:02:57:0	0	0	0	0	0	1	0	1	1	0	1
2023-04-13 12:30:06.000	0:02:57:500	0	0	0	0	0	1	0	1	1	0	1
2023-04-13 12:30:06.500	0:02:58:0	0	0	0	0	0	1	0	1	1	0	1
2023-04-13 12:30:07.000	0:02:58:500	0	0	0	0	0	1	0	1	1	0	1
2023-04-13 12:30:07.500	0:02:59:0	0	0	0	0	0	1	0	1	1	0	1
2023-04-13 12:30:08.000	0:02:59:500	0	0	0	1	1	0	0	0	0	0	1
2023-04-13 12:30:08.500	0:03:00:0	0	0	0	1	1	0	0	1	0	0	0
2023-04-13 12:30:09.000	0:03:00:500	0	0	0	0	1	0	0	1	0	0	0
2023-04-13 12:30:09.500	0:03:01:0	0	0	0	0	0	0	0	1	1	0	0
2023-04-13 12:30:10.000	0:03:01:500	0	0	0	0	0	0	0	1	1	0	0
2023-04-13 12:30:10.500	0:03:02:0	0	0	0	0	1	0	0	0	0	0	0
2023-04-13 12:30:11.000	0:03:02:500	0	0	0	0	0	0	0	1	0	0	0
2023-04-13 12:30:11.500	0:03:03:0	0	0	0	0	0	1	0	1	0	0	1
2023-04-13 12:30:12.000	0:03:03:500	0	0	0	0	0	1	0	1	0	0	1
2023-04-13 12:30:12.500	0:03:04:0	0	0	0	0	0	1	0	1	0	0	1
2023-04-13 12:30:13.000	0:03:04:500	0	0	0	0	0	1	0	1	0	0	1
2023-04-13 12:30:13.500	0:03:05:0	1	0	0	0	1	1	0	0	0	0	0
2023-04-13 12:30:14.000	0:03:05:500	1	0	0	0	0	0	0	0	0	0	0
2023-04-13 12:30:14.500	0:03:06:0	1	0	0	0	0	0	0	0	0	0	0
2023-04-13 12:30:15.000	0:03:06:500	0	0	0	0	0	0	0	0	1	0	0
2023-04-13 12:30:15.500	0:03:07:0	0	0	0	0	0	0	0	0	1	0	0
2023-04-13 12:30:16.000	0:03:07:500	0	0	0	0	1	0	0	0	1	0	0
2023-04-13 12:30:16.500	0:03:08:0	0	0	0	0	1	0	0	1	1	0	0
2023-04-13 12:30:17.000	0:03:08:500	0	0	0	0	0	0	0	0	1	0	0
2023-04-13 12:30:17.500	0:03:09:0	0	0	0	0	0	0	0	1	1	0	1
2023-04-13 12:30:18.000	0:03:09:500	0	0	0	0	1	1	0	0	0	0	0
2023-04-13 12:30:18.500	0:03:10:0	0	0	0	1	0	0	0	0	0	0	0
2023-04-13 12:30:19.000	0:03:10:500	0	0	0	0	1	0	0	1	1	0	0
2023-04-13 12:30:19.500	0:03:11:0	0	0	0	1	1	0	0	0	0	0	0
2023-04-13 12:30:20.000	0:03:11:500	0	0	0	1	1	0	0	1	0	0	0
2023-04-13 12:30:20.500	0:03:12:0	0	0	0	0	1	0	0	1	1	0	0
2023-04-13 12:30:21.000	0:03:12:500	0	0	0	0	0	1	0	1	0	0	0
2023-04-13 12:30:21.500	0:03:13:0	0	0	0	0	0	0	0	1	0	0	0
2023-04-13 12:30:22.000	0:03:13:500	0	0	0	1	0	0	0	1	0	0	0
2023-04-13 12:30:22.500	0:03:14:0	1	0	0	0	0	1	0	0	0	0	0
2023-04-13 12:30:23.000	0:03:14:500	0	0	0	0	0	1	0	0	1	0	0
2023-04-13 12:30:23.500	0:03:15:0	0	0	0	0	0	1	0	0	0	0	0
2023-04-13 12:30:24.000	0:03:15:500	0	0	0	0	1	0	0	1	0	0	0
2023-04-13 12:30:24.500	0:03:16:0	0	0	0	0	0	0	0	1	1	0	1
2023-04-13 12:30:25.000	0:03:16:500	0	0	0	1	1	0	0	0	0	0	0
2023-04-13 12:30:25.500	0:03:17:0	0	0	0	0	0	0	0	1	0	0	0
2023-04-13 12:30:26.000	0:03:17:500	0	0	0	0	0	0	0	1	1	0	0
2023-04-13 12:30:26.500	0:03:18:0	0	0	0	0	0	1	0	1	0	0	1
2023-04-13 12:30:27.000	0:03:18:500	0	0	0	0	0	1	0	0	0	0	0
2023-04-13 12:30:27.500	0:03:19:0	0	0	0	0	0	0	0	0	0	1	0
2023-04-13 12:30:28.000	0:03:19:500	0	0	0	0	0	1	0	0	0	0	0
2023-04-13 12:30:28.500	0:03:20:0	0	0	0	0	0	1	0	0	0	1	0
2023-04-13 12:30:29.000	0:03:20:500	0	0	0	0	1	0	0	0	0	0	0
2023-04-13 12:30:29.500	0:03:21:0	0	0	0	1	1	0	0	0	0	0	0
2023-04-13 12:30:30.000	0:03:21:500	0	0	0	0	0	0	0	1	0	0	0
2023-04-13 12:30:30.500	0:03:22:0	0	0	0	0	0	0	0	1	1	0	0
2023-04-13 12:30:31.000	0:03:22:500	0	0	0	1	1	0	0	0	0	0	0
2023-04-13 12:30:31.500	0:03:23:0	0	0	0	1	1	0	0	1	0	0	0
2023-04-13 12:30:32.000	0:03:23:500	0	0	0	1	0	0	0	1	0	0	0
2023-04-13 12:30:32.500	0:03:24:0	0	1	0	0	1	0	0	0	0	0	0
2023-04-13 12:30:33.000	0:03:24:500	0	1	0	0	1	0	0	0	0	0	0
2023-04-13 12:30:33.500	0:03:25:0	0	0	0	0	0	1	0	1	1	0	1
2023-04-13 12:30:34.000	0:03:25:500	0	0	0	0	0	1	0	0	1	0	0
2023-04-13 12:30:34.500	0:03:26:0	0	0	0	0	0	0	0	1	0	1	1
2023-04-13 12:30:35.000	0:03:26:500	0	0	0	1	1	0	0	1	0	0	0
2023-04-13 12:30:35.500	0:03:27:0	0	0	0	0	0	0	0	1	0	0	1
2023-04-13 12:30:36.000	0:03:27:500	0	0	0	1	1	0	0	1	0	0	0
2023-04-13 12:30:36.500	0:03:28:0	0	0	0	0	1	0	0	1	0	0	0
2023-04-13 12:30:37.000	0:03:28:500	0	0	0	1	1	0	0	1	0	0	0
2023-04-13 12:30:37.500	0:03:29:0	0	0	0	0	0	0	0	1	0	0	0
2023-04-13 12:30:38.000	0:03:29:500	0	0	0	0	0	0	0	1	0	0	0
2023-04-13 12:30:38.500	0:03:30:0	0	0	0	0	0	0	0	0	0	1	0
2023-04-13 12:30:39.000	0:03:30:500	0	0	0	0	0	0	0	1	0	0	0
2023-04-13 12:30:39.500	0:03:31:0	0	0	0	1	1	0	0	1	0	0	0
2023-04-13 12:30:40.000	0:03:31:500	0	1	0	0	1	0	0	0	0	0	0
2023-04-13 12:30:40.500	0:03:32:0	0	0	0	0	1	0	0	1	0	0	0
2023-04-13 12:30:41.000	0:03:32:500	0	0	0	0	0	0	0	1	0	0	0
2023-04-13 12:30:41.500	0:03:33:0	0	0	0	1	1	0	0	0	0	0	0
2023-04-13 12:30:42.000	0:03:33:500	0	0	0	0	1	0	0	1	0	0	0
2023-04-13 12:30:42.500	0:03:34:0	0	0	0	0	0	0	0	1	0	1	0
2023-04-13 12:30:43.000	0:03:34:500	0	0	0	0	1	0	0	0	0	0	0
2023-04-13 12:30:43.500	0:03:35:0	0	0	0	0	0	0	0	1	0	0	0
2023-04-13 12:30:44.000	0:03:35:500	0	0	0	0	0	1	0	1	0	0	1
2023-04-13 12:30:44.500	0:03:36:0	0	0	0	1	1	0	0	0	0	0	0
2023-04-13 12:30:45.000	0:03:36:500	0	0	0	0	1	0	0	1	0	0	0
2023-04-13 12:30:45.500	0:03:37:0	0	0	0	0	0	1	0	0	0	0	1
2023-04-13 12:30:46.000	0:03:37:500	0	0	0	0	0	1	0	0	0	0	0
2023-04-13 12:30:46.500	0:03:38:0	0	0	0	0	0	1	0	0	0	0	0
2023-04-13 12:30:47.000	0:03:38:500	0	0	0	0	0	1	0	0	0	0	0
2023-04-13 12:30:47.500	0:03:39:0	0	0	0	0	0	1	0	0	0	0	0
2023-04-13 12:30:48.000	0:03:39:500	0	0	0	0	0	1	0	0	0	0	0
2023-04-13 12:30:48.500	0:03:40:0	0	0	0	1	1	1	0	0	0	0	0
2023-04-13 12:30:49.000	0:03:40:500	0	0	0	0	0	0	0	1	0	0	0
2023-04-13 12:30:49.500	0:03:41:0	0	0	0	0	1	0	0	1	0	0	0
2023-04-13 12:30:50.000	0:03:41:500	0	0	0	1	1	0	0	0	0	0	0
2023-04-13 12:30:50.500	0:03:42:0	0	0	0	0	0	0	0	1	0	0	0
2023-04-13 12:30:51.000	0:03:42:500	0	0	0	0	1	0	0	1	0	0	0
2023-04-13 12:30:51.500	0:03:43:0	0	0	0	0	1	0	0	1	0	0	0
2023-04-13 12:30:52.000	0:03:43:500	0	0	0	0	1	0	0	1	0	0	1
2023-04-13 12:30:52.500	0:03:44:0	0	0	0	0	0	0	0	1	0	0	0
2023-04-13 12:30:53.000	0:03:44:500	0	0	0	0	1	0	0	0	0	0	1
2023-04-13 12:30:53.500	0:03:45:0	0	0	0	1	1	0	0	1	0	0	0
2023-04-13 12:30:54.000	0:03:45:500	0	0	0	0	0	0	0	0	0	0	0
2023-04-13 12:30:54.500	0:03:46:0	0	0	0	0	1	0	0	1	0	0	0
2023-04-13 12:30:55.000	0:03:46:500	0	0	0	0	1	0	0	1	0	0	1
2023-04-13 12:30:55.500	0:03:47:0	0	0	0	0	1	0	0	1	0	0	0
2023-04-13 12:30:56.000	0:03:47:500	0	0	0	0	1	0	0	1	0	0	0
2023-04-13 12:30:56.500	0:03:48:0	0	0	0	1	1	0	0	0	0	0	0
2023-04-13 12:30:57.000	0:03:48:500	0	0	0	0	0	0	0	1	0	0	0
2023-04-13 12:30:57.500	0:03:49:0	0	0	0	0	1	0	0	0	0	0	0
2023-04-13 12:30:58.000	0:03:49:500	0	0	0	0	1	0	0	1	0	0	0
2023-04-13 12:30:58.500	0:03:50:0	0	0	0	1	0	0	0	0	0	0	0
2023-04-13 12:30:59.000	0:03:50:500	0	0	0	0	1	0	0	1	0	0	0
2023-04-13 12:30:59.500	0:03:51:0	0	1	0	0	1	0	0	0	0	0	0
2023-04-13 12:31:00.000	0:03:51:500	0	0	0	0	1	0	0	1	0	0	0
2023-04-13 12:31:00.500	0:03:52:0	0	0	0	0	1	0	0	0	0	0	0
2023-04-13 12:31:01.000	0:03:52:500	0	0	0	1	1	0	0	1	0	0	0
2023-04-13 12:31:01.500	0:03:53:0	0	0	0	1	1	0	0	0	0	0	0
2023-04-13 12:31:02.000	0:03:53:500	0	0	0	0	0	0	0	0	0	0	0
2023-04-13 12:31:02.500	0:03:54:0	0	0	0	0	0	0	0	0	0	0	0
2023-04-13 12:31:03.000	0:03:54:500	0	0	0	0	0	0	0	0	0	0	0
2023-04-13 12:31:03.500	0:03:55:0	0	0	0	0	0	0	0	0	0	0	0
2023-04-13 12:31:04.000	0:03:55:500	0	0	0	0	0	0	0	0	0	0	0
2023-04-13 12:31:04.500	0:03:56:0	0	0	0	0	0	0	0	0	0	0	0
2023-04-13 12:31:05.000	0:03:56:500	0	0	0	0	0	0	0	0	0	0	0
2023-04-13 12:31:05.500	0:03:57:0	0	0	0	0	0	0	0	0	0	0	0
2023-04-13 12:31:06.000	0:03:57:500	0	0	0	0	0	0	0	0	0	0	0
2023-04-13 12:31:06.500	0:03:58:0	0	0	0	0	0	0	0	0	0	0	0
2023-04-13 12:31:07.000	0:03:58:500	0	0	0	0	0	0	0	0	0	0	0
2023-04-13 12:31:07.500	0:03:59:0	0	0	0	0	0	0	0	0	0	0	0
2023-04-13 12:31:08.000	0:03:59:500	0	0	0	0	0	0	0	0	0	0	0
2023-04-13 12:31:08.500	0:04:00:0	0	0	0	0	0	0	0	0	0	0	0
2023-04-13 12:31:09.000	0:04:00:500	0	0	0	0	0	0	0	0	0	0	0
2023-04-13 12:31:09.500	0:04:01:0	0	0	0	0	0	0	0	0	0	0	0
2023-04-13 12:31:10.000	0:04:01:500	0	0	0	0	0	0	0	0	0	0	0
2023-04-13 12:31:10.500	0:04:02:0	0	0	0	0	0	0	0	0	0	0	0
2023-04-13 12:31:11.000	0:04:02:500	0	0	0	0	0	0	0	0	0	0	0
2023-04-13 12:31:11.500	0:04:03:0	0	0	0	0	0	0	0	0	0	0	0
2023-04-13 12:31:12.000	0:04:03:500	0	0	0	0	0	0	0	0	0	0	0
2023-04-13 12:31:12.500	0:04:04:0	0	0	0	0	0	0	0	0	0	0	0
2023-04-13 12:31:13.000	0:04:04:500	0	0	1	0	0	0	0	0	0	0	0
